,Code
1,000001.SZ
2,000002.SZ
3,000004.SZ
4,000005.SZ
5,000006.SZ
6,000007.SZ
7,000008.SZ
8,000009.SZ
9,000010.SZ
10,000011.SZ
11,000012.SZ
12,000014.SZ
13,000016.SZ
14,000017.SZ
15,000018.SZ
16,000019.SZ
17,000020.SZ
18,000021.SZ
19,000022.SZ
20,000023.SZ
21,000025.SZ
22,000026.SZ
23,000027.SZ
24,000028.SZ
25,000029.SZ
26,000030.SZ
27,000031.SZ
28,000032.SZ
29,000033.SZ
30,000034.SZ
31,000035.SZ
32,000036.SZ
33,000037.SZ
34,000038.SZ
35,000039.SZ
36,000040.SZ
37,000042.SZ
38,000043.SZ
39,000045.SZ
40,000046.SZ
41,000048.SZ
42,000049.SZ
43,000050.SZ
44,000055.SZ
45,000056.SZ
46,000058.SZ
47,000059.SZ
48,000060.SZ
49,000061.SZ
50,000062.SZ
51,000063.SZ
52,000065.SZ
53,000066.SZ
54,000068.SZ
55,000069.SZ
56,000070.SZ
57,000078.SZ
58,000088.SZ
59,000089.SZ
60,000090.SZ
61,000096.SZ
62,000099.SZ
63,000100.SZ
64,000150.SZ
65,000151.SZ
66,000153.SZ
67,000155.SZ
68,000156.SZ
69,000157.SZ
70,000158.SZ
71,000159.SZ
72,000166.SZ
73,000301.SZ
74,000333.SZ
75,000338.SZ
76,000400.SZ
77,000401.SZ
78,000402.SZ
79,000403.SZ
80,000404.SZ
81,000407.SZ
82,000408.SZ
83,000409.SZ
84,000410.SZ
85,000411.SZ
86,000413.SZ
87,000415.SZ
88,000416.SZ
89,000417.SZ
90,000418.SZ
91,000419.SZ
92,000420.SZ
93,000421.SZ
94,000422.SZ
95,000423.SZ
96,000425.SZ
97,000426.SZ
98,000428.SZ
99,000429.SZ
100,000430.SZ
101,000488.SZ
102,000498.SZ
103,000501.SZ
104,000502.SZ
105,000503.SZ
106,000504.SZ
107,000505.SZ
108,000506.SZ
109,000507.SZ
110,000509.SZ
111,000510.SZ
112,000511.SZ
113,000513.SZ
114,000514.SZ
115,000516.SZ
116,000517.SZ
117,000518.SZ
118,000519.SZ
119,000520.SZ
120,000521.SZ
121,000523.SZ
122,000524.SZ
123,000525.SZ
124,000526.SZ
125,000528.SZ
126,000529.SZ
127,000530.SZ
128,000531.SZ
129,000532.SZ
130,000533.SZ
131,000534.SZ
132,000536.SZ
133,000537.SZ
134,000538.SZ
135,000539.SZ
136,000540.SZ
137,000541.SZ
138,000543.SZ
139,000544.SZ
140,000545.SZ
141,000546.SZ
142,000547.SZ
143,000548.SZ
144,000550.SZ
145,000551.SZ
146,000552.SZ
147,000553.SZ
148,000554.SZ
149,000555.SZ
150,000557.SZ
151,000558.SZ
152,000559.SZ
153,000560.SZ
154,000561.SZ
155,000563.SZ
156,000564.SZ
157,000565.SZ
158,000566.SZ
159,000567.SZ
160,000568.SZ
161,000570.SZ
162,000571.SZ
163,000572.SZ
164,000573.SZ
165,000576.SZ
166,000581.SZ
167,000582.SZ
168,000584.SZ
169,000585.SZ
170,000586.SZ
171,000587.SZ
172,000589.SZ
173,000590.SZ
174,000591.SZ
175,000592.SZ
176,000593.SZ
177,000595.SZ
178,000596.SZ
179,000597.SZ
180,000598.SZ
181,000599.SZ
182,000600.SZ
183,000601.SZ
184,000603.SZ
185,000605.SZ
186,000606.SZ
187,000607.SZ
188,000608.SZ
189,000609.SZ
190,000610.SZ
191,000611.SZ
192,000612.SZ
193,000613.SZ
194,000615.SZ
195,000616.SZ
196,000617.SZ
197,000619.SZ
198,000620.SZ
199,000622.SZ
200,000623.SZ
201,000625.SZ
202,000626.SZ
203,000627.SZ
204,000628.SZ
205,000629.SZ
206,000630.SZ
207,000631.SZ
208,000632.SZ
209,000633.SZ
210,000635.SZ
211,000636.SZ
212,000637.SZ
213,000638.SZ
214,000639.SZ
215,000650.SZ
216,000651.SZ
217,000652.SZ
218,000655.SZ
219,000656.SZ
220,000657.SZ
221,000659.SZ
222,000661.SZ
223,000662.SZ
224,000663.SZ
225,000665.SZ
226,000666.SZ
227,000667.SZ
228,000668.SZ
229,000669.SZ
230,000670.SZ
231,000671.SZ
232,000672.SZ
233,000673.SZ
234,000676.SZ
235,000677.SZ
236,000678.SZ
237,000679.SZ
238,000680.SZ
239,000681.SZ
240,000682.SZ
241,000683.SZ
242,000685.SZ
243,000686.SZ
244,000687.SZ
245,000688.SZ
246,000690.SZ
247,000691.SZ
248,000692.SZ
249,000693.SZ
250,000695.SZ
251,000697.SZ
252,000698.SZ
253,000700.SZ
254,000701.SZ
255,000702.SZ
256,000703.SZ
257,000705.SZ
258,000707.SZ
259,000708.SZ
260,000709.SZ
261,000710.SZ
262,000711.SZ
263,000712.SZ
264,000713.SZ
265,000715.SZ
266,000716.SZ
267,000717.SZ
268,000718.SZ
269,000719.SZ
270,000720.SZ
271,000721.SZ
272,000722.SZ
273,000723.SZ
274,000725.SZ
275,000726.SZ
276,000727.SZ
277,000728.SZ
278,000729.SZ
279,000731.SZ
280,000732.SZ
281,000733.SZ
282,000735.SZ
283,000736.SZ
284,000737.SZ
285,000738.SZ
286,000739.SZ
287,000750.SZ
288,000751.SZ
289,000752.SZ
290,000753.SZ
291,000755.SZ
292,000756.SZ
293,000757.SZ
294,000758.SZ
295,000759.SZ
296,000760.SZ
297,000761.SZ
298,000762.SZ
299,000766.SZ
300,000767.SZ
301,000768.SZ
302,000776.SZ
303,000777.SZ
304,000778.SZ
305,000779.SZ
306,000780.SZ
307,000782.SZ
308,000783.SZ
309,000785.SZ
310,000786.SZ
311,000788.SZ
312,000789.SZ
313,000790.SZ
314,000791.SZ
315,000792.SZ
316,000793.SZ
317,000795.SZ
318,000796.SZ
319,000797.SZ
320,000798.SZ
321,000799.SZ
322,000800.SZ
323,000801.SZ
324,000802.SZ
325,000803.SZ
326,000806.SZ
327,000807.SZ
328,000809.SZ
329,000810.SZ
330,000811.SZ
331,000812.SZ
332,000813.SZ
333,000815.SZ
334,000816.SZ
335,000818.SZ
336,000819.SZ
337,000820.SZ
338,000821.SZ
339,000822.SZ
340,000823.SZ
341,000825.SZ
342,000826.SZ
343,000828.SZ
344,000829.SZ
345,000830.SZ
346,000831.SZ
347,000833.SZ
348,000835.SZ
349,000836.SZ
350,000837.SZ
351,000838.SZ
352,000839.SZ
353,000848.SZ
354,000850.SZ
355,000851.SZ
356,000852.SZ
357,000856.SZ
358,000858.SZ
359,000859.SZ
360,000860.SZ
361,000861.SZ
362,000862.SZ
363,000863.SZ
364,000868.SZ
365,000869.SZ
366,000875.SZ
367,000876.SZ
368,000877.SZ
369,000878.SZ
370,000880.SZ
371,000881.SZ
372,000882.SZ
373,000883.SZ
374,000885.SZ
375,000886.SZ
376,000887.SZ
377,000888.SZ
378,000889.SZ
379,000890.SZ
380,000892.SZ
381,000893.SZ
382,000895.SZ
383,000897.SZ
384,000898.SZ
385,000899.SZ
386,000900.SZ
387,000901.SZ
388,000902.SZ
389,000903.SZ
390,000905.SZ
391,000906.SZ
392,000908.SZ
393,000909.SZ
394,000910.SZ
395,000911.SZ
396,000912.SZ
397,000913.SZ
398,000915.SZ
399,000916.SZ
400,000917.SZ
401,000918.SZ
402,000919.SZ
403,000920.SZ
404,000921.SZ
405,000922.SZ
406,000923.SZ
407,000925.SZ
408,000926.SZ
409,000927.SZ
410,000928.SZ
411,000929.SZ
412,000930.SZ
413,000931.SZ
414,000932.SZ
415,000933.SZ
416,000935.SZ
417,000936.SZ
418,000937.SZ
419,000938.SZ
420,000939.SZ
421,000948.SZ
422,000949.SZ
423,000950.SZ
424,000951.SZ
425,000952.SZ
426,000953.SZ
427,000955.SZ
428,000957.SZ
429,000958.SZ
430,000959.SZ
431,000960.SZ
432,000961.SZ
433,000962.SZ
434,000963.SZ
435,000965.SZ
436,000966.SZ
437,000967.SZ
438,000968.SZ
439,000969.SZ
440,000970.SZ
441,000971.SZ
442,000972.SZ
443,000973.SZ
444,000975.SZ
445,000976.SZ
446,000977.SZ
447,000978.SZ
448,000979.SZ
449,000980.SZ
450,000981.SZ
451,000982.SZ
452,000983.SZ
453,000985.SZ
454,000987.SZ
455,000988.SZ
456,000989.SZ
457,000990.SZ
458,000993.SZ
459,000995.SZ
460,000996.SZ
461,000997.SZ
462,000998.SZ
463,000999.SZ
464,001696.SZ
465,001896.SZ
466,001979.SZ
467,002001.SZ
468,002002.SZ
469,002003.SZ
470,002004.SZ
471,002005.SZ
472,002006.SZ
473,002007.SZ
474,002008.SZ
475,002009.SZ
476,002010.SZ
477,002011.SZ
478,002012.SZ
479,002013.SZ
480,002014.SZ
481,002015.SZ
482,002016.SZ
483,002017.SZ
484,002018.SZ
485,002019.SZ
486,002020.SZ
487,002021.SZ
488,002022.SZ
489,002023.SZ
490,002024.SZ
491,002025.SZ
492,002026.SZ
493,002027.SZ
494,002028.SZ
495,002029.SZ
496,002030.SZ
497,002031.SZ
498,002032.SZ
499,002033.SZ
500,002034.SZ
501,002035.SZ
502,002036.SZ
503,002037.SZ
504,002038.SZ
505,002039.SZ
506,002040.SZ
507,002041.SZ
508,002042.SZ
509,002043.SZ
510,002044.SZ
511,002045.SZ
512,002046.SZ
513,002047.SZ
514,002048.SZ
515,002049.SZ
516,002050.SZ
517,002051.SZ
518,002052.SZ
519,002053.SZ
520,002054.SZ
521,002055.SZ
522,002056.SZ
523,002057.SZ
524,002058.SZ
525,002059.SZ
526,002060.SZ
527,002061.SZ
528,002062.SZ
529,002063.SZ
530,002064.SZ
531,002065.SZ
532,002066.SZ
533,002067.SZ
534,002068.SZ
535,002069.SZ
536,002070.SZ
537,002071.SZ
538,002072.SZ
539,002073.SZ
540,002074.SZ
541,002075.SZ
542,002076.SZ
543,002077.SZ
544,002078.SZ
545,002079.SZ
546,002080.SZ
547,002081.SZ
548,002082.SZ
549,002083.SZ
550,002084.SZ
551,002085.SZ
552,002086.SZ
553,002087.SZ
554,002088.SZ
555,002089.SZ
556,002090.SZ
557,002091.SZ
558,002092.SZ
559,002093.SZ
560,002094.SZ
561,002095.SZ
562,002096.SZ
563,002097.SZ
564,002098.SZ
565,002099.SZ
566,002100.SZ
567,002101.SZ
568,002102.SZ
569,002103.SZ
570,002104.SZ
571,002105.SZ
572,002106.SZ
573,002107.SZ
574,002108.SZ
575,002109.SZ
576,002110.SZ
577,002111.SZ
578,002112.SZ
579,002113.SZ
580,002114.SZ
581,002115.SZ
582,002116.SZ
583,002117.SZ
584,002118.SZ
585,002119.SZ
586,002120.SZ
587,002121.SZ
588,002122.SZ
589,002123.SZ
590,002124.SZ
591,002125.SZ
592,002126.SZ
593,002127.SZ
594,002128.SZ
595,002129.SZ
596,002130.SZ
597,002131.SZ
598,002132.SZ
599,002133.SZ
600,002134.SZ
601,002135.SZ
602,002136.SZ
603,002137.SZ
604,002138.SZ
605,002139.SZ
606,002140.SZ
607,002141.SZ
608,002142.SZ
609,002143.SZ
610,002144.SZ
611,002145.SZ
612,002146.SZ
613,002147.SZ
614,002148.SZ
615,002149.SZ
616,002150.SZ
617,002151.SZ
618,002152.SZ
619,002153.SZ
620,002154.SZ
621,002155.SZ
622,002156.SZ
623,002157.SZ
624,002158.SZ
625,002159.SZ
626,002160.SZ
627,002161.SZ
628,002162.SZ
629,002163.SZ
630,002164.SZ
631,002165.SZ
632,002166.SZ
633,002167.SZ
634,002168.SZ
635,002169.SZ
636,002170.SZ
637,002171.SZ
638,002172.SZ
639,002173.SZ
640,002174.SZ
641,002175.SZ
642,002176.SZ
643,002177.SZ
644,002178.SZ
645,002179.SZ
646,002180.SZ
647,002181.SZ
648,002182.SZ
649,002183.SZ
650,002184.SZ
651,002185.SZ
652,002186.SZ
653,002187.SZ
654,002188.SZ
655,002189.SZ
656,002190.SZ
657,002191.SZ
658,002192.SZ
659,002193.SZ
660,002194.SZ
661,002195.SZ
662,002196.SZ
663,002197.SZ
664,002198.SZ
665,002199.SZ
666,002200.SZ
667,002201.SZ
668,002202.SZ
669,002203.SZ
670,002204.SZ
671,002205.SZ
672,002206.SZ
673,002207.SZ
674,002208.SZ
675,002209.SZ
676,002210.SZ
677,002211.SZ
678,002212.SZ
679,002213.SZ
680,002214.SZ
681,002215.SZ
682,002216.SZ
683,002217.SZ
684,002218.SZ
685,002219.SZ
686,002220.SZ
687,002221.SZ
688,002222.SZ
689,002223.SZ
690,002224.SZ
691,002225.SZ
692,002226.SZ
693,002227.SZ
694,002228.SZ
695,002229.SZ
696,002230.SZ
697,002231.SZ
698,002232.SZ
699,002233.SZ
700,002234.SZ
701,002235.SZ
702,002236.SZ
703,002237.SZ
704,002238.SZ
705,002239.SZ
706,002240.SZ
707,002241.SZ
708,002242.SZ
709,002243.SZ
710,002244.SZ
711,002245.SZ
712,002246.SZ
713,002247.SZ
714,002248.SZ
715,002249.SZ
716,002250.SZ
717,002251.SZ
718,002252.SZ
719,002253.SZ
720,002254.SZ
721,002255.SZ
722,002256.SZ
723,002258.SZ
724,002259.SZ
725,002260.SZ
726,002261.SZ
727,002262.SZ
728,002263.SZ
729,002264.SZ
730,002265.SZ
731,002266.SZ
732,002267.SZ
733,002268.SZ
734,002269.SZ
735,002270.SZ
736,002271.SZ
737,002272.SZ
738,002273.SZ
739,002274.SZ
740,002275.SZ
741,002276.SZ
742,002277.SZ
743,002278.SZ
744,002279.SZ
745,002280.SZ
746,002281.SZ
747,002282.SZ
748,002283.SZ
749,002284.SZ
750,002285.SZ
751,002286.SZ
752,002287.SZ
753,002288.SZ
754,002289.SZ
755,002290.SZ
756,002291.SZ
757,002292.SZ
758,002293.SZ
759,002294.SZ
760,002295.SZ
761,002296.SZ
762,002297.SZ
763,002298.SZ
764,002299.SZ
765,002300.SZ
766,002301.SZ
767,002302.SZ
768,002303.SZ
769,002304.SZ
770,002305.SZ
771,002306.SZ
772,002307.SZ
773,002308.SZ
774,002309.SZ
775,002310.SZ
776,002311.SZ
777,002312.SZ
778,002313.SZ
779,002314.SZ
780,002315.SZ
781,002316.SZ
782,002317.SZ
783,002318.SZ
784,002319.SZ
785,002320.SZ
786,002321.SZ
787,002322.SZ
788,002323.SZ
789,002324.SZ
790,002325.SZ
791,002326.SZ
792,002327.SZ
793,002328.SZ
794,002329.SZ
795,002330.SZ
796,002331.SZ
797,002332.SZ
798,002333.SZ
799,002334.SZ
800,002335.SZ
801,002336.SZ
802,002337.SZ
803,002338.SZ
804,002339.SZ
805,002340.SZ
806,002341.SZ
807,002342.SZ
808,002343.SZ
809,002344.SZ
810,002345.SZ
811,002346.SZ
812,002347.SZ
813,002348.SZ
814,002349.SZ
815,002350.SZ
816,002351.SZ
817,002352.SZ
818,002353.SZ
819,002354.SZ
820,002355.SZ
821,002356.SZ
822,002357.SZ
823,002358.SZ
824,002359.SZ
825,002360.SZ
826,002361.SZ
827,002362.SZ
828,002363.SZ
829,002364.SZ
830,002365.SZ
831,002366.SZ
832,002367.SZ
833,002368.SZ
834,002369.SZ
835,002370.SZ
836,002371.SZ
837,002372.SZ
838,002373.SZ
839,002374.SZ
840,002375.SZ
841,002376.SZ
842,002377.SZ
843,002378.SZ
844,002379.SZ
845,002380.SZ
846,002381.SZ
847,002382.SZ
848,002383.SZ
849,002384.SZ
850,002385.SZ
851,002386.SZ
852,002387.SZ
853,002388.SZ
854,002389.SZ
855,002390.SZ
856,002391.SZ
857,002392.SZ
858,002393.SZ
859,002394.SZ
860,002395.SZ
861,002396.SZ
862,002397.SZ
863,002398.SZ
864,002399.SZ
865,002400.SZ
866,002401.SZ
867,002402.SZ
868,002403.SZ
869,002404.SZ
870,002405.SZ
871,002406.SZ
872,002407.SZ
873,002408.SZ
874,002409.SZ
875,002410.SZ
876,002411.SZ
877,002412.SZ
878,002413.SZ
879,002414.SZ
880,002415.SZ
881,002416.SZ
882,002417.SZ
883,002418.SZ
884,002419.SZ
885,002420.SZ
886,002421.SZ
887,002422.SZ
888,002423.SZ
889,002424.SZ
890,002425.SZ
891,002426.SZ
892,002427.SZ
893,002428.SZ
894,002429.SZ
895,002430.SZ
896,002431.SZ
897,002432.SZ
898,002433.SZ
899,002434.SZ
900,002435.SZ
901,002436.SZ
902,002437.SZ
903,002438.SZ
904,002439.SZ
905,002440.SZ
906,002441.SZ
907,002442.SZ
908,002443.SZ
909,002444.SZ
910,002445.SZ
911,002446.SZ
912,002447.SZ
913,002448.SZ
914,002449.SZ
915,002450.SZ
916,002451.SZ
917,002452.SZ
918,002453.SZ
919,002454.SZ
920,002455.SZ
921,002456.SZ
922,002457.SZ
923,002458.SZ
924,002459.SZ
925,002460.SZ
926,002461.SZ
927,002462.SZ
928,002463.SZ
929,002464.SZ
930,002465.SZ
931,002466.SZ
932,002467.SZ
933,002468.SZ
934,002469.SZ
935,002470.SZ
936,002471.SZ
937,002472.SZ
938,002473.SZ
939,002474.SZ
940,002475.SZ
941,002476.SZ
942,002477.SZ
943,002478.SZ
944,002479.SZ
945,002480.SZ
946,002481.SZ
947,002482.SZ
948,002483.SZ
949,002484.SZ
950,002485.SZ
951,002486.SZ
952,002487.SZ
953,002488.SZ
954,002489.SZ
955,002490.SZ
956,002491.SZ
957,002492.SZ
958,002493.SZ
959,002494.SZ
960,002495.SZ
961,002496.SZ
962,002497.SZ
963,002498.SZ
964,002499.SZ
965,002500.SZ
966,002501.SZ
967,002502.SZ
968,002503.SZ
969,002504.SZ
970,002505.SZ
971,002506.SZ
972,002507.SZ
973,002508.SZ
974,002509.SZ
975,002510.SZ
976,002511.SZ
977,002512.SZ
978,002513.SZ
979,002514.SZ
980,002515.SZ
981,002516.SZ
982,002517.SZ
983,002518.SZ
984,002519.SZ
985,002520.SZ
986,002521.SZ
987,002522.SZ
988,002523.SZ
989,002524.SZ
990,002526.SZ
991,002527.SZ
992,002528.SZ
993,002529.SZ
994,002530.SZ
995,002531.SZ
996,002532.SZ
997,002533.SZ
998,002534.SZ
999,002535.SZ
1000,002536.SZ
1001,002537.SZ
1002,002538.SZ
1003,002539.SZ
1004,002540.SZ
1005,002541.SZ
1006,002542.SZ
1007,002543.SZ
1008,002544.SZ
1009,002545.SZ
1010,002546.SZ
1011,002547.SZ
1012,002548.SZ
1013,002549.SZ
1014,002550.SZ
1015,002551.SZ
1016,002552.SZ
1017,002553.SZ
1018,002554.SZ
1019,002555.SZ
1020,002556.SZ
1021,002557.SZ
1022,002558.SZ
1023,002559.SZ
1024,002560.SZ
1025,002561.SZ
1026,002562.SZ
1027,002563.SZ
1028,002564.SZ
1029,002565.SZ
1030,002566.SZ
1031,002567.SZ
1032,002568.SZ
1033,002569.SZ
1034,002570.SZ
1035,002571.SZ
1036,002572.SZ
1037,002573.SZ
1038,002574.SZ
1039,002575.SZ
1040,002576.SZ
1041,002577.SZ
1042,002578.SZ
1043,002579.SZ
1044,002580.SZ
1045,002581.SZ
1046,002582.SZ
1047,002583.SZ
1048,002584.SZ
1049,002585.SZ
1050,002586.SZ
1051,002587.SZ
1052,002588.SZ
1053,002589.SZ
1054,002590.SZ
1055,002591.SZ
1056,002592.SZ
1057,002593.SZ
1058,002594.SZ
1059,002595.SZ
1060,002596.SZ
1061,002597.SZ
1062,002598.SZ
1063,002599.SZ
1064,002600.SZ
1065,002601.SZ
1066,002602.SZ
1067,002603.SZ
1068,002604.SZ
1069,002605.SZ
1070,002606.SZ
1071,002607.SZ
1072,002608.SZ
1073,002609.SZ
1074,002610.SZ
1075,002611.SZ
1076,002612.SZ
1077,002613.SZ
1078,002614.SZ
1079,002615.SZ
1080,002616.SZ
1081,002617.SZ
1082,002618.SZ
1083,002619.SZ
1084,002620.SZ
1085,002621.SZ
1086,002622.SZ
1087,002623.SZ
1088,002624.SZ
1089,002625.SZ
1090,002626.SZ
1091,002627.SZ
1092,002628.SZ
1093,002629.SZ
1094,002630.SZ
1095,002631.SZ
1096,002632.SZ
1097,002633.SZ
1098,002634.SZ
1099,002635.SZ
1100,002636.SZ
1101,002637.SZ
1102,002638.SZ
1103,002639.SZ
1104,002640.SZ
1105,002641.SZ
1106,002642.SZ
1107,002643.SZ
1108,002644.SZ
1109,002645.SZ
1110,002646.SZ
1111,002647.SZ
1112,002648.SZ
1113,002649.SZ
1114,002650.SZ
1115,002651.SZ
1116,002652.SZ
1117,002653.SZ
1118,002654.SZ
1119,002655.SZ
1120,002656.SZ
1121,002657.SZ
1122,002658.SZ
1123,002659.SZ
1124,002660.SZ
1125,002661.SZ
1126,002662.SZ
1127,002663.SZ
1128,002664.SZ
1129,002665.SZ
1130,002666.SZ
1131,002667.SZ
1132,002668.SZ
1133,002669.SZ
1134,002670.SZ
1135,002671.SZ
1136,002672.SZ
1137,002673.SZ
1138,002674.SZ
1139,002675.SZ
1140,002676.SZ
1141,002677.SZ
1142,002678.SZ
1143,002679.SZ
1144,002680.SZ
1145,002681.SZ
1146,002682.SZ
1147,002683.SZ
1148,002684.SZ
1149,002685.SZ
1150,002686.SZ
1151,002687.SZ
1152,002688.SZ
1153,002689.SZ
1154,002690.SZ
1155,002691.SZ
1156,002692.SZ
1157,002693.SZ
1158,002694.SZ
1159,002695.SZ
1160,002696.SZ
1161,002697.SZ
1162,002698.SZ
1163,002699.SZ
1164,002700.SZ
1165,002701.SZ
1166,002702.SZ
1167,002703.SZ
1168,002705.SZ
1169,002706.SZ
1170,002707.SZ
1171,002708.SZ
1172,002709.SZ
1173,002711.SZ
1174,002712.SZ
1175,002713.SZ
1176,002714.SZ
1177,002715.SZ
1178,002716.SZ
1179,002717.SZ
1180,002718.SZ
1181,002719.SZ
1182,002721.SZ
1183,002722.SZ
1184,002723.SZ
1185,002724.SZ
1186,002725.SZ
1187,002726.SZ
1188,002727.SZ
1189,002728.SZ
1190,002729.SZ
1191,002730.SZ
1192,002731.SZ
1193,002732.SZ
1194,002733.SZ
1195,002734.SZ
1196,002735.SZ
1197,002736.SZ
1198,002737.SZ
1199,002738.SZ
1200,002739.SZ
1201,002740.SZ
1202,002741.SZ
1203,002742.SZ
1204,002743.SZ
1205,002745.SZ
1206,002746.SZ
1207,002747.SZ
1208,002748.SZ
1209,002749.SZ
1210,002750.SZ
1211,002751.SZ
1212,002752.SZ
1213,002753.SZ
1214,002755.SZ
1215,002756.SZ
1216,002757.SZ
1217,002758.SZ
1218,002759.SZ
1219,002760.SZ
1220,002761.SZ
1221,002762.SZ
1222,002763.SZ
1223,002765.SZ
1224,002766.SZ
1225,002767.SZ
1226,002768.SZ
1227,002769.SZ
1228,002770.SZ
1229,002771.SZ
1230,002772.SZ
1231,002773.SZ
1232,002775.SZ
1233,002776.SZ
1234,002777.SZ
1235,002778.SZ
1236,002779.SZ
1237,002780.SZ
1238,002781.SZ
1239,002782.SZ
1240,002783.SZ
1241,002785.SZ
1242,002786.SZ
1243,002787.SZ
1244,002788.SZ
1245,002789.SZ
1246,002790.SZ
1247,002791.SZ
1248,002792.SZ
1249,002793.SZ
1250,002795.SZ
1251,002796.SZ
1252,002797.SZ
1253,002798.SZ
1254,002799.SZ
1255,002800.SZ
1256,002801.SZ
1257,002802.SZ
1258,002803.SZ
1259,002805.SZ
1260,002806.SZ
1261,002807.SZ
1262,002808.SZ
1263,002809.SZ
1264,002810.SZ
1265,002811.SZ
1266,002812.SZ
1267,002813.SZ
1268,002815.SZ
1269,002816.SZ
1270,002817.SZ
1271,002818.SZ
1272,002819.SZ
1273,002820.SZ
1274,002821.SZ
1275,002822.SZ
1276,002823.SZ
1277,002824.SZ
1278,002825.SZ
1279,002826.SZ
1280,002827.SZ
1281,002828.SZ
1282,002829.SZ
1283,002830.SZ
1284,002831.SZ
1285,002832.SZ
1286,002833.SZ
1287,002835.SZ
1288,002836.SZ
1289,002837.SZ
1290,002838.SZ
1291,002839.SZ
1292,002840.SZ
1293,002841.SZ
1294,002842.SZ
1295,002843.SZ
1296,002845.SZ
1297,002846.SZ
1298,002847.SZ
1299,002848.SZ
1300,300001.SZ
1301,300002.SZ
1302,300003.SZ
1303,300004.SZ
1304,300005.SZ
1305,300006.SZ
1306,300007.SZ
1307,300008.SZ
1308,300009.SZ
1309,300010.SZ
1310,300011.SZ
1311,300012.SZ
1312,300013.SZ
1313,300014.SZ
1314,300015.SZ
1315,300016.SZ
1316,300017.SZ
1317,300018.SZ
1318,300019.SZ
1319,300020.SZ
1320,300021.SZ
1321,300022.SZ
1322,300023.SZ
1323,300024.SZ
1324,300025.SZ
1325,300026.SZ
1326,300027.SZ
1327,300028.SZ
1328,300029.SZ
1329,300030.SZ
1330,300031.SZ
1331,300032.SZ
1332,300033.SZ
1333,300034.SZ
1334,300035.SZ
1335,300036.SZ
1336,300037.SZ
1337,300038.SZ
1338,300039.SZ
1339,300040.SZ
1340,300041.SZ
1341,300042.SZ
1342,300043.SZ
1343,300044.SZ
1344,300045.SZ
1345,300046.SZ
1346,300047.SZ
1347,300048.SZ
1348,300049.SZ
1349,300050.SZ
1350,300051.SZ
1351,300052.SZ
1352,300053.SZ
1353,300054.SZ
1354,300055.SZ
1355,300056.SZ
1356,300057.SZ
1357,300058.SZ
1358,300059.SZ
1359,300061.SZ
1360,300062.SZ
1361,300063.SZ
1362,300064.SZ
1363,300065.SZ
1364,300066.SZ
1365,300067.SZ
1366,300068.SZ
1367,300069.SZ
1368,300070.SZ
1369,300071.SZ
1370,300072.SZ
1371,300073.SZ
1372,300074.SZ
1373,300075.SZ
1374,300076.SZ
1375,300077.SZ
1376,300078.SZ
1377,300079.SZ
1378,300080.SZ
1379,300081.SZ
1380,300082.SZ
1381,300083.SZ
1382,300084.SZ
1383,300085.SZ
1384,300086.SZ
1385,300087.SZ
1386,300088.SZ
1387,300089.SZ
1388,300090.SZ
1389,300091.SZ
1390,300092.SZ
1391,300093.SZ
1392,300094.SZ
1393,300095.SZ
1394,300096.SZ
1395,300097.SZ
1396,300098.SZ
1397,300099.SZ
1398,300100.SZ
1399,300101.SZ
1400,300102.SZ
1401,300103.SZ
1402,300104.SZ
1403,300105.SZ
1404,300106.SZ
1405,300107.SZ
1406,300108.SZ
1407,300109.SZ
1408,300110.SZ
1409,300111.SZ
1410,300112.SZ
1411,300113.SZ
1412,300114.SZ
1413,300115.SZ
1414,300116.SZ
1415,300117.SZ
1416,300118.SZ
1417,300119.SZ
1418,300120.SZ
1419,300121.SZ
1420,300122.SZ
1421,300123.SZ
1422,300124.SZ
1423,300125.SZ
1424,300126.SZ
1425,300127.SZ
1426,300128.SZ
1427,300129.SZ
1428,300130.SZ
1429,300131.SZ
1430,300132.SZ
1431,300133.SZ
1432,300134.SZ
1433,300135.SZ
1434,300136.SZ
1435,300137.SZ
1436,300138.SZ
1437,300139.SZ
1438,300140.SZ
1439,300141.SZ
1440,300142.SZ
1441,300143.SZ
1442,300144.SZ
1443,300145.SZ
1444,300146.SZ
1445,300147.SZ
1446,300148.SZ
1447,300149.SZ
1448,300150.SZ
1449,300151.SZ
1450,300152.SZ
1451,300153.SZ
1452,300154.SZ
1453,300155.SZ
1454,300156.SZ
1455,300157.SZ
1456,300158.SZ
1457,300159.SZ
1458,300160.SZ
1459,300161.SZ
1460,300162.SZ
1461,300163.SZ
1462,300164.SZ
1463,300165.SZ
1464,300166.SZ
1465,300167.SZ
1466,300168.SZ
1467,300169.SZ
1468,300170.SZ
1469,300171.SZ
1470,300172.SZ
1471,300173.SZ
1472,300174.SZ
1473,300175.SZ
1474,300176.SZ
1475,300177.SZ
1476,300178.SZ
1477,300179.SZ
1478,300180.SZ
1479,300181.SZ
1480,300182.SZ
1481,300183.SZ
1482,300184.SZ
1483,300185.SZ
1484,300187.SZ
1485,300188.SZ
1486,300189.SZ
1487,300190.SZ
1488,300191.SZ
1489,300192.SZ
1490,300193.SZ
1491,300194.SZ
1492,300195.SZ
1493,300196.SZ
1494,300197.SZ
1495,300198.SZ
1496,300199.SZ
1497,300200.SZ
1498,300201.SZ
1499,300202.SZ
1500,300203.SZ
1501,300204.SZ
1502,300205.SZ
1503,300206.SZ
1504,300207.SZ
1505,300208.SZ
1506,300209.SZ
1507,300210.SZ
1508,300211.SZ
1509,300212.SZ
1510,300213.SZ
1511,300214.SZ
1512,300215.SZ
1513,300216.SZ
1514,300217.SZ
1515,300218.SZ
1516,300219.SZ
1517,300220.SZ
1518,300221.SZ
1519,300222.SZ
1520,300223.SZ
1521,300224.SZ
1522,300225.SZ
1523,300226.SZ
1524,300227.SZ
1525,300228.SZ
1526,300229.SZ
1527,300230.SZ
1528,300231.SZ
1529,300232.SZ
1530,300233.SZ
1531,300234.SZ
1532,300235.SZ
1533,300236.SZ
1534,300237.SZ
1535,300238.SZ
1536,300239.SZ
1537,300240.SZ
1538,300241.SZ
1539,300242.SZ
1540,300243.SZ
1541,300244.SZ
1542,300245.SZ
1543,300246.SZ
1544,300247.SZ
1545,300248.SZ
1546,300249.SZ
1547,300250.SZ
1548,300251.SZ
1549,300252.SZ
1550,300253.SZ
1551,300254.SZ
1552,300255.SZ
1553,300256.SZ
1554,300257.SZ
1555,300258.SZ
1556,300259.SZ
1557,300260.SZ
1558,300261.SZ
1559,300262.SZ
1560,300263.SZ
1561,300264.SZ
1562,300265.SZ
1563,300266.SZ
1564,300267.SZ
1565,300268.SZ
1566,300269.SZ
1567,300270.SZ
1568,300271.SZ
1569,300272.SZ
1570,300273.SZ
1571,300274.SZ
1572,300275.SZ
1573,300276.SZ
1574,300277.SZ
1575,300278.SZ
1576,300279.SZ
1577,300280.SZ
1578,300281.SZ
1579,300282.SZ
1580,300283.SZ
1581,300284.SZ
1582,300285.SZ
1583,300286.SZ
1584,300287.SZ
1585,300288.SZ
1586,300289.SZ
1587,300290.SZ
1588,300291.SZ
1589,300292.SZ
1590,300293.SZ
1591,300294.SZ
1592,300295.SZ
1593,300296.SZ
1594,300297.SZ
1595,300298.SZ
1596,300299.SZ
1597,300300.SZ
1598,300301.SZ
1599,300302.SZ
1600,300303.SZ
1601,300304.SZ
1602,300305.SZ
1603,300306.SZ
1604,300307.SZ
1605,300308.SZ
1606,300309.SZ
1607,300310.SZ
1608,300311.SZ
1609,300312.SZ
1610,300313.SZ
1611,300314.SZ
1612,300315.SZ
1613,300316.SZ
1614,300317.SZ
1615,300318.SZ
1616,300319.SZ
1617,300320.SZ
1618,300321.SZ
1619,300322.SZ
1620,300323.SZ
1621,300324.SZ
1622,300325.SZ
1623,300326.SZ
1624,300327.SZ
1625,300328.SZ
1626,300329.SZ
1627,300330.SZ
1628,300331.SZ
1629,300332.SZ
1630,300333.SZ
1631,300334.SZ
1632,300335.SZ
1633,300336.SZ
1634,300337.SZ
1635,300338.SZ
1636,300339.SZ
1637,300340.SZ
1638,300341.SZ
1639,300342.SZ
1640,300343.SZ
1641,300344.SZ
1642,300345.SZ
1643,300346.SZ
1644,300347.SZ
1645,300348.SZ
1646,300349.SZ
1647,300350.SZ
1648,300351.SZ
1649,300352.SZ
1650,300353.SZ
1651,300354.SZ
1652,300355.SZ
1653,300356.SZ
1654,300357.SZ
1655,300358.SZ
1656,300359.SZ
1657,300360.SZ
1658,300362.SZ
1659,300363.SZ
1660,300364.SZ
1661,300365.SZ
1662,300366.SZ
1663,300367.SZ
1664,300368.SZ
1665,300369.SZ
1666,300370.SZ
1667,300371.SZ
1668,300372.SZ
1669,300373.SZ
1670,300374.SZ
1671,300375.SZ
1672,300376.SZ
1673,300377.SZ
1674,300378.SZ
1675,300379.SZ
1676,300380.SZ
1677,300381.SZ
1678,300382.SZ
1679,300383.SZ
1680,300384.SZ
1681,300385.SZ
1682,300386.SZ
1683,300387.SZ
1684,300388.SZ
1685,300389.SZ
1686,300390.SZ
1687,300391.SZ
1688,300392.SZ
1689,300393.SZ
1690,300394.SZ
1691,300395.SZ
1692,300396.SZ
1693,300397.SZ
1694,300398.SZ
1695,300399.SZ
1696,300400.SZ
1697,300401.SZ
1698,300402.SZ
1699,300403.SZ
1700,300404.SZ
1701,300405.SZ
1702,300406.SZ
1703,300407.SZ
1704,300408.SZ
1705,300409.SZ
1706,300410.SZ
1707,300411.SZ
1708,300412.SZ
1709,300413.SZ
1710,300414.SZ
1711,300415.SZ
1712,300416.SZ
1713,300417.SZ
1714,300418.SZ
1715,300419.SZ
1716,300420.SZ
1717,300421.SZ
1718,300422.SZ
1719,300423.SZ
1720,300424.SZ
1721,300425.SZ
1722,300426.SZ
1723,300427.SZ
1724,300428.SZ
1725,300429.SZ
1726,300430.SZ
1727,300431.SZ
1728,300432.SZ
1729,300433.SZ
1730,300434.SZ
1731,300435.SZ
1732,300436.SZ
1733,300437.SZ
1734,300438.SZ
1735,300439.SZ
1736,300440.SZ
1737,300441.SZ
1738,300442.SZ
1739,300443.SZ
1740,300444.SZ
1741,300445.SZ
1742,300446.SZ
1743,300447.SZ
1744,300448.SZ
1745,300449.SZ
1746,300450.SZ
1747,300451.SZ
1748,300452.SZ
1749,300453.SZ
1750,300455.SZ
1751,300456.SZ
1752,300457.SZ
1753,300458.SZ
1754,300459.SZ
1755,300460.SZ
1756,300461.SZ
1757,300462.SZ
1758,300463.SZ
1759,300464.SZ
1760,300465.SZ
1761,300466.SZ
1762,300467.SZ
1763,300468.SZ
1764,300469.SZ
1765,300470.SZ
1766,300471.SZ
1767,300472.SZ
1768,300473.SZ
1769,300474.SZ
1770,300475.SZ
1771,300476.SZ
1772,300477.SZ
1773,300478.SZ
1774,300479.SZ
1775,300480.SZ
1776,300481.SZ
1777,300482.SZ
1778,300483.SZ
1779,300484.SZ
1780,300485.SZ
1781,300486.SZ
1782,300487.SZ
1783,300488.SZ
1784,300489.SZ
1785,300490.SZ
1786,300491.SZ
1787,300492.SZ
1788,300493.SZ
1789,300494.SZ
1790,300495.SZ
1791,300496.SZ
1792,300497.SZ
1793,300498.SZ
1794,300499.SZ
1795,300500.SZ
1796,300501.SZ
1797,300502.SZ
1798,300503.SZ
1799,300505.SZ
1800,300506.SZ
1801,300507.SZ
1802,300508.SZ
1803,300509.SZ
1804,300510.SZ
1805,300511.SZ
1806,300512.SZ
1807,300513.SZ
1808,300515.SZ
1809,300516.SZ
1810,300517.SZ
1811,300518.SZ
1812,300519.SZ
1813,300520.SZ
1814,300521.SZ
1815,300522.SZ
1816,300523.SZ
1817,300525.SZ
1818,300526.SZ
1819,300527.SZ
1820,300528.SZ
1821,300529.SZ
1822,300530.SZ
1823,300531.SZ
1824,300532.SZ
1825,300533.SZ
1826,300534.SZ
1827,300535.SZ
1828,300536.SZ
1829,300537.SZ
1830,300538.SZ
1831,300539.SZ
1832,300540.SZ
1833,300541.SZ
1834,300542.SZ
1835,300543.SZ
1836,300545.SZ
1837,300546.SZ
1838,300547.SZ
1839,300548.SZ
1840,300549.SZ
1841,300550.SZ
1842,300551.SZ
1843,300552.SZ
1844,300553.SZ
1845,300555.SZ
1846,300556.SZ
1847,300557.SZ
1848,300558.SZ
1849,300559.SZ
1850,300560.SZ
1851,300561.SZ
1852,300562.SZ
1853,300563.SZ
1854,300565.SZ
1855,300566.SZ
1856,300567.SZ
1857,300568.SZ
1858,300569.SZ
1859,300570.SZ
1860,300571.SZ
1861,300572.SZ
1862,300573.SZ
1863,300575.SZ
1864,300576.SZ
1865,300577.SZ
1866,300578.SZ
1867,300579.SZ
1868,300580.SZ
1869,300581.SZ
1870,300582.SZ
1871,300583.SZ
1872,300584.SZ
1873,300585.SZ
1874,300586.SZ
1875,300587.SZ
1876,300588.SZ
1877,300589.SZ
1878,300590.SZ
1879,300591.SZ
1880,300592.SZ
1881,300593.SZ
1882,300595.SZ
1883,300596.SZ
1884,300597.SZ
1885,300598.SZ
1886,300599.SZ
1887,300600.SZ
1888,300601.SZ
1889,300602.SZ
1890,300603.SZ
1891,300605.SZ
1892,300606.SZ
1893,300607.SZ
1894,300608.SZ
1895,300609.SZ
1896,300610.SZ
1897,300612.SZ
1898,300615.SZ
1899,600000.SH
1900,600004.SH
1901,600006.SH
1902,600007.SH
1903,600008.SH
1904,600009.SH
1905,600010.SH
1906,600011.SH
1907,600012.SH
1908,600015.SH
1909,600016.SH
1910,600017.SH
1911,600018.SH
1912,600019.SH
1913,600020.SH
1914,600021.SH
1915,600022.SH
1916,600023.SH
1917,600026.SH
1918,600027.SH
1919,600028.SH
1920,600029.SH
1921,600030.SH
1922,600031.SH
1923,600033.SH
1924,600035.SH
1925,600036.SH
1926,600037.SH
1927,600038.SH
1928,600039.SH
1929,600048.SH
1930,600050.SH
1931,600051.SH
1932,600052.SH
1933,600053.SH
1934,600054.SH
1935,600055.SH
1936,600056.SH
1937,600057.SH
1938,600058.SH
1939,600059.SH
1940,600060.SH
1941,600061.SH
1942,600062.SH
1943,600063.SH
1944,600064.SH
1945,600066.SH
1946,600067.SH
1947,600068.SH
1948,600069.SH
1949,600070.SH
1950,600071.SH
1951,600072.SH
1952,600073.SH
1953,600074.SH
1954,600075.SH
1955,600076.SH
1956,600077.SH
1957,600078.SH
1958,600079.SH
1959,600080.SH
1960,600081.SH
1961,600082.SH
1962,600083.SH
1963,600084.SH
1964,600085.SH
1965,600086.SH
1966,600088.SH
1967,600089.SH
1968,600090.SH
1969,600091.SH
1970,600093.SH
1971,600094.SH
1972,600095.SH
1973,600096.SH
1974,600097.SH
1975,600098.SH
1976,600099.SH
1977,600100.SH
1978,600101.SH
1979,600103.SH
1980,600104.SH
1981,600105.SH
1982,600106.SH
1983,600107.SH
1984,600108.SH
1985,600109.SH
1986,600110.SH
1987,600111.SH
1988,600112.SH
1989,600113.SH
1990,600114.SH
1991,600115.SH
1992,600116.SH
1993,600117.SH
1994,600118.SH
1995,600119.SH
1996,600120.SH
1997,600121.SH
1998,600122.SH
1999,600123.SH
2000,600125.SH
2001,600126.SH
2002,600127.SH
2003,600128.SH
2004,600129.SH
2005,600130.SH
2006,600131.SH
2007,600132.SH
2008,600133.SH
2009,600135.SH
2010,600136.SH
2011,600137.SH
2012,600138.SH
2013,600139.SH
2014,600141.SH
2015,600143.SH
2016,600145.SH
2017,600146.SH
2018,600148.SH
2019,600149.SH
2020,600150.SH
2021,600151.SH
2022,600152.SH
2023,600153.SH
2024,600155.SH
2025,600156.SH
2026,600157.SH
2027,600158.SH
2028,600159.SH
2029,600160.SH
2030,600161.SH
2031,600162.SH
2032,600163.SH
2033,600165.SH
2034,600166.SH
2035,600167.SH
2036,600168.SH
2037,600169.SH
2038,600170.SH
2039,600171.SH
2040,600172.SH
2041,600173.SH
2042,600175.SH
2043,600176.SH
2044,600177.SH
2045,600178.SH
2046,600179.SH
2047,600180.SH
2048,600182.SH
2049,600183.SH
2050,600184.SH
2051,600185.SH
2052,600186.SH
2053,600187.SH
2054,600188.SH
2055,600189.SH
2056,600190.SH
2057,600191.SH
2058,600192.SH
2059,600193.SH
2060,600195.SH
2061,600196.SH
2062,600197.SH
2063,600198.SH
2064,600199.SH
2065,600200.SH
2066,600201.SH
2067,600202.SH
2068,600203.SH
2069,600206.SH
2070,600207.SH
2071,600208.SH
2072,600209.SH
2073,600210.SH
2074,600211.SH
2075,600212.SH
2076,600213.SH
2077,600215.SH
2078,600216.SH
2079,600217.SH
2080,600218.SH
2081,600219.SH
2082,600220.SH
2083,600221.SH
2084,600222.SH
2085,600223.SH
2086,600225.SH
2087,600226.SH
2088,600227.SH
2089,600228.SH
2090,600229.SH
2091,600230.SH
2092,600231.SH
2093,600232.SH
2094,600233.SH
2095,600234.SH
2096,600235.SH
2097,600236.SH
2098,600237.SH
2099,600238.SH
2100,600239.SH
2101,600240.SH
2102,600241.SH
2103,600242.SH
2104,600243.SH
2105,600246.SH
2106,600247.SH
2107,600248.SH
2108,600249.SH
2109,600250.SH
2110,600251.SH
2111,600252.SH
2112,600255.SH
2113,600256.SH
2114,600257.SH
2115,600258.SH
2116,600259.SH
2117,600260.SH
2118,600261.SH
2119,600262.SH
2120,600265.SH
2121,600266.SH
2122,600267.SH
2123,600268.SH
2124,600269.SH
2125,600270.SH
2126,600271.SH
2127,600272.SH
2128,600273.SH
2129,600275.SH
2130,600276.SH
2131,600277.SH
2132,600278.SH
2133,600279.SH
2134,600280.SH
2135,600281.SH
2136,600282.SH
2137,600283.SH
2138,600284.SH
2139,600285.SH
2140,600287.SH
2141,600288.SH
2142,600289.SH
2143,600290.SH
2144,600291.SH
2145,600292.SH
2146,600293.SH
2147,600295.SH
2148,600297.SH
2149,600298.SH
2150,600299.SH
2151,600300.SH
2152,600301.SH
2153,600302.SH
2154,600303.SH
2155,600305.SH
2156,600306.SH
2157,600307.SH
2158,600308.SH
2159,600309.SH
2160,600310.SH
2161,600311.SH
2162,600312.SH
2163,600313.SH
2164,600315.SH
2165,600316.SH
2166,600317.SH
2167,600318.SH
2168,600319.SH
2169,600320.SH
2170,600321.SH
2171,600322.SH
2172,600323.SH
2173,600325.SH
2174,600326.SH
2175,600327.SH
2176,600328.SH
2177,600329.SH
2178,600330.SH
2179,600331.SH
2180,600332.SH
2181,600333.SH
2182,600335.SH
2183,600336.SH
2184,600337.SH
2185,600338.SH
2186,600339.SH
2187,600340.SH
2188,600343.SH
2189,600345.SH
2190,600346.SH
2191,600348.SH
2192,600350.SH
2193,600351.SH
2194,600352.SH
2195,600353.SH
2196,600354.SH
2197,600355.SH
2198,600356.SH
2199,600358.SH
2200,600359.SH
2201,600360.SH
2202,600361.SH
2203,600362.SH
2204,600363.SH
2205,600365.SH
2206,600366.SH
2207,600367.SH
2208,600368.SH
2209,600369.SH
2210,600370.SH
2211,600371.SH
2212,600372.SH
2213,600373.SH
2214,600375.SH
2215,600376.SH
2216,600377.SH
2217,600378.SH
2218,600379.SH
2219,600380.SH
2220,600381.SH
2221,600382.SH
2222,600383.SH
2223,600385.SH
2224,600386.SH
2225,600387.SH
2226,600388.SH
2227,600389.SH
2228,600390.SH
2229,600391.SH
2230,600392.SH
2231,600393.SH
2232,600395.SH
2233,600396.SH
2234,600397.SH
2235,600398.SH
2236,600399.SH
2237,600400.SH
2238,600401.SH
2239,600403.SH
2240,600405.SH
2241,600406.SH
2242,600408.SH
2243,600409.SH
2244,600410.SH
2245,600415.SH
2246,600416.SH
2247,600418.SH
2248,600419.SH
2249,600420.SH
2250,600421.SH
2251,600422.SH
2252,600423.SH
2253,600425.SH
2254,600426.SH
2255,600428.SH
2256,600429.SH
2257,600432.SH
2258,600433.SH
2259,600435.SH
2260,600436.SH
2261,600438.SH
2262,600439.SH
2263,600444.SH
2264,600446.SH
2265,600448.SH
2266,600449.SH
2267,600452.SH
2268,600455.SH
2269,600456.SH
2270,600458.SH
2271,600459.SH
2272,600460.SH
2273,600461.SH
2274,600462.SH
2275,600463.SH
2276,600466.SH
2277,600467.SH
2278,600468.SH
2279,600469.SH
2280,600470.SH
2281,600475.SH
2282,600476.SH
2283,600477.SH
2284,600478.SH
2285,600479.SH
2286,600480.SH
2287,600481.SH
2288,600482.SH
2289,600483.SH
2290,600485.SH
2291,600486.SH
2292,600487.SH
2293,600488.SH
2294,600489.SH
2295,600490.SH
2296,600491.SH
2297,600493.SH
2298,600495.SH
2299,600496.SH
2300,600497.SH
2301,600498.SH
2302,600499.SH
2303,600500.SH
2304,600501.SH
2305,600502.SH
2306,600503.SH
2307,600505.SH
2308,600506.SH
2309,600507.SH
2310,600508.SH
2311,600509.SH
2312,600510.SH
2313,600511.SH
2314,600512.SH
2315,600513.SH
2316,600515.SH
2317,600516.SH
2318,600517.SH
2319,600518.SH
2320,600519.SH
2321,600520.SH
2322,600521.SH
2323,600522.SH
2324,600523.SH
2325,600525.SH
2326,600526.SH
2327,600527.SH
2328,600528.SH
2329,600529.SH
2330,600530.SH
2331,600531.SH
2332,600532.SH
2333,600533.SH
2334,600535.SH
2335,600536.SH
2336,600537.SH
2337,600538.SH
2338,600539.SH
2339,600540.SH
2340,600543.SH
2341,600545.SH
2342,600546.SH
2343,600547.SH
2344,600548.SH
2345,600549.SH
2346,600550.SH
2347,600551.SH
2348,600552.SH
2349,600555.SH
2350,600556.SH
2351,600557.SH
2352,600558.SH
2353,600559.SH
2354,600560.SH
2355,600561.SH
2356,600562.SH
2357,600563.SH
2358,600565.SH
2359,600566.SH
2360,600567.SH
2361,600568.SH
2362,600569.SH
2363,600570.SH
2364,600571.SH
2365,600572.SH
2366,600573.SH
2367,600575.SH
2368,600576.SH
2369,600577.SH
2370,600578.SH
2371,600579.SH
2372,600580.SH
2373,600581.SH
2374,600582.SH
2375,600583.SH
2376,600584.SH
2377,600585.SH
2378,600586.SH
2379,600587.SH
2380,600588.SH
2381,600589.SH
2382,600590.SH
2383,600592.SH
2384,600593.SH
2385,600594.SH
2386,600595.SH
2387,600596.SH
2388,600597.SH
2389,600598.SH
2390,600599.SH
2391,600600.SH
2392,600601.SH
2393,600602.SH
2394,600603.SH
2395,600604.SH
2396,600605.SH
2397,600606.SH
2398,600608.SH
2399,600609.SH
2400,600610.SH
2401,600611.SH
2402,600612.SH
2403,600613.SH
2404,600614.SH
2405,600615.SH
2406,600616.SH
2407,600617.SH
2408,600618.SH
2409,600619.SH
2410,600620.SH
2411,600621.SH
2412,600622.SH
2413,600623.SH
2414,600624.SH
2415,600626.SH
2416,600628.SH
2417,600629.SH
2418,600630.SH
2419,600633.SH
2420,600634.SH
2421,600635.SH
2422,600636.SH
2423,600637.SH
2424,600638.SH
2425,600639.SH
2426,600640.SH
2427,600641.SH
2428,600642.SH
2429,600643.SH
2430,600644.SH
2431,600645.SH
2432,600647.SH
2433,600648.SH
2434,600649.SH
2435,600650.SH
2436,600651.SH
2437,600652.SH
2438,600653.SH
2439,600654.SH
2440,600655.SH
2441,600657.SH
2442,600658.SH
2443,600660.SH
2444,600661.SH
2445,600662.SH
2446,600663.SH
2447,600664.SH
2448,600665.SH
2449,600666.SH
2450,600667.SH
2451,600668.SH
2452,600671.SH
2453,600673.SH
2454,600674.SH
2455,600675.SH
2456,600676.SH
2457,600677.SH
2458,600678.SH
2459,600679.SH
2460,600680.SH
2461,600681.SH
2462,600682.SH
2463,600683.SH
2464,600684.SH
2465,600685.SH
2466,600686.SH
2467,600687.SH
2468,600688.SH
2469,600689.SH
2470,600690.SH
2471,600691.SH
2472,600692.SH
2473,600693.SH
2474,600694.SH
2475,600695.SH
2476,600696.SH
2477,600697.SH
2478,600698.SH
2479,600699.SH
2480,600701.SH
2481,600702.SH
2482,600703.SH
2483,600704.SH
2484,600705.SH
2485,600706.SH
2486,600707.SH
2487,600708.SH
2488,600710.SH
2489,600711.SH
2490,600712.SH
2491,600713.SH
2492,600714.SH
2493,600715.SH
2494,600716.SH
2495,600717.SH
2496,600718.SH
2497,600719.SH
2498,600720.SH
2499,600721.SH
2500,600722.SH
2501,600723.SH
2502,600724.SH
2503,600725.SH
2504,600726.SH
2505,600727.SH
2506,600728.SH
2507,600729.SH
2508,600730.SH
2509,600731.SH
2510,600732.SH
2511,600733.SH
2512,600734.SH
2513,600735.SH
2514,600736.SH
2515,600737.SH
2516,600738.SH
2517,600739.SH
2518,600740.SH
2519,600741.SH
2520,600742.SH
2521,600743.SH
2522,600744.SH
2523,600745.SH
2524,600746.SH
2525,600747.SH
2526,600748.SH
2527,600749.SH
2528,600750.SH
2529,600751.SH
2530,600753.SH
2531,600754.SH
2532,600755.SH
2533,600756.SH
2534,600757.SH
2535,600758.SH
2536,600759.SH
2537,600760.SH
2538,600761.SH
2539,600763.SH
2540,600764.SH
2541,600765.SH
2542,600766.SH
2543,600767.SH
2544,600768.SH
2545,600769.SH
2546,600770.SH
2547,600771.SH
2548,600773.SH
2549,600774.SH
2550,600775.SH
2551,600776.SH
2552,600777.SH
2553,600778.SH
2554,600779.SH
2555,600780.SH
2556,600781.SH
2557,600782.SH
2558,600783.SH
2559,600784.SH
2560,600785.SH
2561,600787.SH
2562,600789.SH
2563,600790.SH
2564,600791.SH
2565,600792.SH
2566,600793.SH
2567,600794.SH
2568,600795.SH
2569,600796.SH
2570,600797.SH
2571,600798.SH
2572,600800.SH
2573,600801.SH
2574,600802.SH
2575,600803.SH
2576,600804.SH
2577,600805.SH
2578,600806.SH
2579,600807.SH
2580,600808.SH
2581,600809.SH
2582,600810.SH
2583,600811.SH
2584,600812.SH
2585,600814.SH
2586,600815.SH
2587,600816.SH
2588,600817.SH
2589,600818.SH
2590,600819.SH
2591,600820.SH
2592,600821.SH
2593,600822.SH
2594,600823.SH
2595,600824.SH
2596,600825.SH
2597,600826.SH
2598,600827.SH
2599,600828.SH
2600,600829.SH
2601,600830.SH
2602,600831.SH
2603,600833.SH
2604,600834.SH
2605,600835.SH
2606,600836.SH
2607,600837.SH
2608,600838.SH
2609,600839.SH
2610,600841.SH
2611,600843.SH
2612,600844.SH
2613,600845.SH
2614,600846.SH
2615,600847.SH
2616,600848.SH
2617,600850.SH
2618,600851.SH
2619,600853.SH
2620,600854.SH
2621,600855.SH
2622,600856.SH
2623,600857.SH
2624,600858.SH
2625,600859.SH
2626,600860.SH
2627,600861.SH
2628,600862.SH
2629,600863.SH
2630,600864.SH
2631,600865.SH
2632,600866.SH
2633,600867.SH
2634,600868.SH
2635,600869.SH
2636,600870.SH
2637,600871.SH
2638,600872.SH
2639,600873.SH
2640,600874.SH
2641,600875.SH
2642,600876.SH
2643,600877.SH
2644,600879.SH
2645,600880.SH
2646,600881.SH
2647,600882.SH
2648,600883.SH
2649,600884.SH
2650,600885.SH
2651,600886.SH
2652,600887.SH
2653,600888.SH
2654,600889.SH
2655,600890.SH
2656,600891.SH
2657,600892.SH
2658,600893.SH
2659,600894.SH
2660,600895.SH
2661,600896.SH
2662,600897.SH
2663,600898.SH
2664,600900.SH
2665,600908.SH
2666,600909.SH
2667,600917.SH
2668,600919.SH
2669,600926.SH
2670,600936.SH
2671,600958.SH
2672,600959.SH
2673,600960.SH
2674,600961.SH
2675,600962.SH
2676,600963.SH
2677,600965.SH
2678,600966.SH
2679,600967.SH
2680,600969.SH
2681,600970.SH
2682,600971.SH
2683,600973.SH
2684,600975.SH
2685,600976.SH
2686,600977.SH
2687,600978.SH
2688,600979.SH
2689,600980.SH
2690,600981.SH
2691,600982.SH
2692,600983.SH
2693,600984.SH
2694,600985.SH
2695,600986.SH
2696,600987.SH
2697,600988.SH
2698,600990.SH
2699,600992.SH
2700,600993.SH
2701,600995.SH
2702,600996.SH
2703,600997.SH
2704,600998.SH
2705,600999.SH
2706,601000.SH
2707,601001.SH
2708,601002.SH
2709,601003.SH
2710,601005.SH
2711,601006.SH
2712,601007.SH
2713,601008.SH
2714,601009.SH
2715,601010.SH
2716,601011.SH
2717,601012.SH
2718,601015.SH
2719,601016.SH
2720,601018.SH
2721,601020.SH
2722,601021.SH
2723,601028.SH
2724,601038.SH
2725,601058.SH
2726,601069.SH
2727,601088.SH
2728,601098.SH
2729,601099.SH
2730,601100.SH
2731,601101.SH
2732,601106.SH
2733,601107.SH
2734,601111.SH
2735,601113.SH
2736,601116.SH
2737,601117.SH
2738,601118.SH
2739,601126.SH
2740,601127.SH
2741,601128.SH
2742,601137.SH
2743,601139.SH
2744,601155.SH
2745,601158.SH
2746,601163.SH
2747,601166.SH
2748,601168.SH
2749,601169.SH
2750,601177.SH
2751,601179.SH
2752,601186.SH
2753,601188.SH
2754,601198.SH
2755,601199.SH
2756,601208.SH
2757,601211.SH
2758,601212.SH
2759,601216.SH
2760,601218.SH
2761,601222.SH
2762,601225.SH
2763,601226.SH
2764,601229.SH
2765,601231.SH
2766,601233.SH
2767,601238.SH
2768,601258.SH
2769,601288.SH
2770,601311.SH
2771,601318.SH
2772,601328.SH
2773,601333.SH
2774,601336.SH
2775,601339.SH
2776,601368.SH
2777,601369.SH
2778,601375.SH
2779,601377.SH
2780,601388.SH
2781,601390.SH
2782,601398.SH
2783,601500.SH
2784,601515.SH
2785,601518.SH
2786,601519.SH
2787,601555.SH
2788,601558.SH
2789,601566.SH
2790,601567.SH
2791,601579.SH
2792,601588.SH
2793,601595.SH
2794,601599.SH
2795,601600.SH
2796,601601.SH
2797,601607.SH
2798,601608.SH
2799,601611.SH
2800,601616.SH
2801,601618.SH
2802,601628.SH
2803,601633.SH
2804,601636.SH
2805,601666.SH
2806,601668.SH
2807,601669.SH
2808,601677.SH
2809,601678.SH
2810,601688.SH
2811,601689.SH
2812,601699.SH
2813,601700.SH
2814,601717.SH
2815,601718.SH
2816,601727.SH
2817,601766.SH
2818,601777.SH
2819,601788.SH
2820,601789.SH
2821,601798.SH
2822,601799.SH
2823,601800.SH
2824,601801.SH
2825,601808.SH
2826,601811.SH
2827,601818.SH
2828,601857.SH
2829,601858.SH
2830,601866.SH
2831,601872.SH
2832,601877.SH
2833,601880.SH
2834,601881.SH
2835,601882.SH
2836,601886.SH
2837,601888.SH
2838,601890.SH
2839,601898.SH
2840,601899.SH
2841,601900.SH
2842,601901.SH
2843,601908.SH
2844,601918.SH
2845,601919.SH
2846,601928.SH
2847,601929.SH
2848,601933.SH
2849,601939.SH
2850,601958.SH
2851,601965.SH
2852,601966.SH
2853,601968.SH
2854,601969.SH
2855,601985.SH
2856,601988.SH
2857,601989.SH
2858,601991.SH
2859,601992.SH
2860,601996.SH
2861,601997.SH
2862,601998.SH
2863,601999.SH
2864,603000.SH
2865,603001.SH
2866,603002.SH
2867,603003.SH
2868,603005.SH
2869,603006.SH
2870,603007.SH
2871,603008.SH
2872,603009.SH
2873,603010.SH
2874,603011.SH
2875,603012.SH
2876,603015.SH
2877,603016.SH
2878,603017.SH
2879,603018.SH
2880,603019.SH
2881,603020.SH
2882,603021.SH
2883,603022.SH
2884,603023.SH
2885,603025.SH
2886,603026.SH
2887,603027.SH
2888,603028.SH
2889,603029.SH
2890,603030.SH
2891,603031.SH
2892,603032.SH
2893,603033.SH
2894,603035.SH
2895,603036.SH
2896,603037.SH
2897,603038.SH
2898,603039.SH
2899,603040.SH
2900,603058.SH
2901,603060.SH
2902,603066.SH
2903,603067.SH
2904,603069.SH
2905,603077.SH
2906,603085.SH
2907,603088.SH
2908,603089.SH
2909,603090.SH
2910,603098.SH
2911,603099.SH
2912,603100.SH
2913,603101.SH
2914,603108.SH
2915,603111.SH
2916,603116.SH
2917,603117.SH
2918,603118.SH
2919,603123.SH
2920,603126.SH
2921,603128.SH
2922,603131.SH
2923,603158.SH
2924,603159.SH
2925,603160.SH
2926,603165.SH
2927,603166.SH
2928,603167.SH
2929,603168.SH
2930,603169.SH
2931,603177.SH
2932,603186.SH
2933,603188.SH
2934,603189.SH
2935,603198.SH
2936,603199.SH
2937,603203.SH
2938,603208.SH
2939,603218.SH
2940,603222.SH
2941,603223.SH
2942,603227.SH
2943,603228.SH
2944,603239.SH
2945,603258.SH
2946,603266.SH
2947,603268.SH
2948,603288.SH
2949,603298.SH
2950,603299.SH
2951,603300.SH
2952,603306.SH
2953,603308.SH
2954,603309.SH
2955,603311.SH
2956,603313.SH
2957,603315.SH
2958,603318.SH
2959,603319.SH
2960,603322.SH
2961,603323.SH
2962,603328.SH
2963,603330.SH
2964,603333.SH
2965,603336.SH
2966,603337.SH
2967,603338.SH
2968,603339.SH
2969,603355.SH
2970,603358.SH
2971,603360.SH
2972,603366.SH
2973,603368.SH
2974,603369.SH
2975,603377.SH
2976,603389.SH
2977,603393.SH
2978,603398.SH
2979,603399.SH
2980,603416.SH
2981,603421.SH
2982,603429.SH
2983,603444.SH
2984,603456.SH
2985,603508.SH
2986,603515.SH
2987,603518.SH
2988,603519.SH
2989,603520.SH
2990,603528.SH
2991,603555.SH
2992,603556.SH
2993,603558.SH
2994,603559.SH
2995,603566.SH
2996,603567.SH
2997,603568.SH
2998,603569.SH
2999,603577.SH
3000,603579.SH
3001,603585.SH
3002,603588.SH
3003,603589.SH
3004,603598.SH
3005,603599.SH
3006,603600.SH
3007,603601.SH
3008,603606.SH
3009,603608.SH
3010,603609.SH
3011,603611.SH
3012,603615.SH
3013,603616.SH
3014,603618.SH
3015,603626.SH
3016,603628.SH
3017,603633.SH
3018,603636.SH
3019,603637.SH
3020,603638.SH
3021,603639.SH
3022,603658.SH
3023,603660.SH
3024,603663.SH
3025,603667.SH
3026,603668.SH
3027,603669.SH
3028,603677.SH
3029,603678.SH
3030,603686.SH
3031,603688.SH
3032,603689.SH
3033,603690.SH
3034,603696.SH
3035,603698.SH
3036,603699.SH
3037,603701.SH
3038,603703.SH
3039,603708.SH
3040,603716.SH
3041,603718.SH
3042,603726.SH
3043,603727.SH
3044,603729.SH
3045,603737.SH
3046,603738.SH
3047,603766.SH
3048,603777.SH
3049,603778.SH
3050,603779.SH
3051,603788.SH
3052,603789.SH
3053,603798.SH
3054,603799.SH
3055,603800.SH
3056,603806.SH
3057,603808.SH
3058,603816.SH
3059,603818.SH
3060,603819.SH
3061,603822.SH
3062,603823.SH
3063,603828.SH
3064,603838.SH
3065,603839.SH
3066,603843.SH
3067,603858.SH
3068,603859.SH
3069,603861.SH
3070,603866.SH
3071,603868.SH
3072,603869.SH
3073,603877.SH
3074,603878.SH
3075,603881.SH
3076,603883.SH
3077,603885.SH
3078,603886.SH
3079,603887.SH
3080,603888.SH
3081,603889.SH
3082,603898.SH
3083,603899.SH
3084,603900.SH
3085,603901.SH
3086,603909.SH
3087,603918.SH
3088,603919.SH
3089,603928.SH
3090,603929.SH
3091,603936.SH
3092,603939.SH
3093,603958.SH
3094,603959.SH
3095,603966.SH
3096,603968.SH
3097,603969.SH
3098,603977.SH
3099,603979.SH
3100,603986.SH
3101,603987.SH
3102,603988.SH
3103,603989.SH
3104,603990.SH
3105,603993.SH
3106,603996.SH
3107,603997.SH
3108,603998.SH
3109,603999.SH
