,Time
1,2013/7/2
2,2013/7/3
3,2013/7/4
4,2013/7/5
5,2013/7/8
6,2013/7/9
7,2013/7/10
8,2013/7/11
9,2013/7/12
10,2013/7/15
11,2013/7/16
12,2013/7/17
13,2013/7/18
14,2013/7/19
15,2013/7/22
16,2013/7/23
17,2013/7/24
18,2013/7/25
19,2013/7/26
20,2013/7/29
21,2013/7/30
22,2013/7/31
23,2013/8/1
24,2013/8/2
25,2013/8/5
26,2013/8/6
27,2013/8/7
28,2013/8/8
29,2013/8/9
30,2013/8/12
31,2013/8/13
32,2013/8/14
33,2013/8/15
34,2013/8/16
35,2013/8/19
36,2013/8/20
37,2013/8/21
38,2013/8/22
39,2013/8/23
40,2013/8/26
41,2013/8/27
42,2013/8/28
43,2013/8/29
44,2013/8/30
45,2013/9/2
46,2013/9/3
47,2013/9/4
48,2013/9/5
49,2013/9/6
50,2013/9/9
51,2013/9/10
52,2013/9/11
53,2013/9/12
54,2013/9/13
55,2013/9/16
56,2013/9/17
57,2013/9/18
58,2013/9/23
59,2013/9/24
60,2013/9/25
61,2013/9/26
62,2013/9/27
63,2013/9/30
64,2013/10/8
65,2013/10/9
66,2013/10/10
67,2013/10/11
68,2013/10/14
69,2013/10/15
70,2013/10/16
71,2013/10/17
72,2013/10/18
73,2013/10/21
74,2013/10/22
75,2013/10/23
76,2013/10/24
77,2013/10/25
78,2013/10/28
79,2013/10/29
80,2013/10/30
81,2013/10/31
82,2013/11/1
83,2013/11/4
84,2013/11/5
85,2013/11/6
86,2013/11/7
87,2013/11/8
88,2013/11/11
89,2013/11/12
90,2013/11/13
91,2013/11/14
92,2013/11/15
93,2013/11/18
94,2013/11/19
95,2013/11/20
96,2013/11/21
97,2013/11/22
98,2013/11/25
99,2013/11/26
100,2013/11/27
101,2013/11/28
102,2013/11/29
103,2013/12/2
104,2013/12/3
105,2013/12/4
106,2013/12/5
107,2013/12/6
108,2013/12/9
109,2013/12/10
110,2013/12/11
111,2013/12/12
112,2013/12/13
113,2013/12/16
114,2013/12/17
115,2013/12/18
116,2013/12/19
117,2013/12/20
118,2013/12/23
119,2013/12/24
120,2013/12/25
121,2013/12/26
122,2013/12/27
123,2013/12/30
124,2013/12/31
125,2014/1/2
126,2014/1/3
127,2014/1/6
128,2014/1/7
129,2014/1/8
130,2014/1/9
131,2014/1/10
132,2014/1/13
133,2014/1/14
134,2014/1/15
135,2014/1/16
136,2014/1/17
137,2014/1/20
138,2014/1/21
139,2014/1/22
140,2014/1/23
141,2014/1/24
142,2014/1/27
143,2014/1/28
144,2014/1/29
145,2014/1/30
146,2014/2/7
147,2014/2/10
148,2014/2/11
149,2014/2/12
150,2014/2/13
151,2014/2/14
152,2014/2/17
153,2014/2/18
154,2014/2/19
155,2014/2/20
156,2014/2/21
157,2014/2/24
158,2014/2/25
159,2014/2/26
160,2014/2/27
161,2014/2/28
162,2014/3/3
163,2014/3/4
164,2014/3/5
165,2014/3/6
166,2014/3/7
167,2014/3/10
168,2014/3/11
169,2014/3/12
170,2014/3/13
171,2014/3/14
172,2014/3/17
173,2014/3/18
174,2014/3/19
175,2014/3/20
176,2014/3/21
177,2014/3/24
178,2014/3/25
179,2014/3/26
180,2014/3/27
181,2014/3/28
182,2014/3/31
183,2014/4/1
184,2014/4/2
185,2014/4/3
186,2014/4/4
187,2014/4/8
188,2014/4/9
189,2014/4/10
190,2014/4/11
191,2014/4/14
192,2014/4/15
193,2014/4/16
194,2014/4/17
195,2014/4/18
196,2014/4/21
197,2014/4/22
198,2014/4/23
199,2014/4/24
200,2014/4/25
201,2014/4/28
202,2014/4/29
203,2014/4/30
204,2014/5/5
205,2014/5/6
206,2014/5/7
207,2014/5/8
208,2014/5/9
209,2014/5/12
210,2014/5/13
211,2014/5/14
212,2014/5/15
213,2014/5/16
214,2014/5/19
215,2014/5/20
216,2014/5/21
217,2014/5/22
218,2014/5/23
219,2014/5/26
220,2014/5/27
221,2014/5/28
222,2014/5/29
223,2014/5/30
224,2014/6/3
225,2014/6/4
226,2014/6/5
227,2014/6/6
228,2014/6/9
229,2014/6/10
230,2014/6/11
231,2014/6/12
232,2014/6/13
233,2014/6/16
234,2014/6/17
235,2014/6/18
236,2014/6/19
237,2014/6/20
238,2014/6/23
239,2014/6/24
240,2014/6/25
241,2014/6/26
242,2014/6/27
243,2014/6/30
244,2014/7/1
245,2014/7/2
246,2014/7/3
247,2014/7/4
248,2014/7/7
249,2014/7/8
250,2014/7/9
251,2014/7/10
252,2014/7/11
253,2014/7/14
254,2014/7/15
255,2014/7/16
256,2014/7/17
257,2014/7/18
258,2014/7/21
259,2014/7/22
260,2014/7/23
261,2014/7/24
262,2014/7/25
263,2014/7/28
264,2014/7/29
265,2014/7/30
266,2014/7/31
267,2014/8/1
268,2014/8/4
269,2014/8/5
270,2014/8/6
271,2014/8/7
272,2014/8/8
273,2014/8/11
274,2014/8/12
275,2014/8/13
276,2014/8/14
277,2014/8/15
278,2014/8/18
279,2014/8/19
280,2014/8/20
281,2014/8/21
282,2014/8/22
283,2014/8/25
284,2014/8/26
285,2014/8/27
286,2014/8/28
287,2014/8/29
288,2014/9/1
289,2014/9/2
290,2014/9/3
291,2014/9/4
292,2014/9/5
293,2014/9/9
294,2014/9/10
295,2014/9/11
296,2014/9/12
297,2014/9/15
298,2014/9/16
299,2014/9/17
300,2014/9/18
301,2014/9/19
302,2014/9/22
303,2014/9/23
304,2014/9/24
305,2014/9/25
306,2014/9/26
307,2014/9/29
308,2014/9/30
309,2014/10/8
310,2014/10/9
311,2014/10/10
312,2014/10/13
313,2014/10/14
314,2014/10/15
315,2014/10/16
316,2014/10/17
317,2014/10/20
318,2014/10/21
319,2014/10/22
320,2014/10/23
321,2014/10/24
322,2014/10/27
323,2014/10/28
324,2014/10/29
325,2014/10/30
326,2014/10/31
327,2014/11/3
328,2014/11/4
329,2014/11/5
330,2014/11/6
331,2014/11/7
332,2014/11/10
333,2014/11/11
334,2014/11/12
335,2014/11/13
336,2014/11/14
337,2014/11/17
338,2014/11/18
339,2014/11/19
340,2014/11/20
341,2014/11/21
342,2014/11/24
343,2014/11/25
344,2014/11/26
345,2014/11/27
346,2014/11/28
347,2014/12/1
348,2014/12/2
349,2014/12/3
350,2014/12/4
351,2014/12/5
352,2014/12/8
353,2014/12/9
354,2014/12/10
355,2014/12/11
356,2014/12/12
357,2014/12/15
358,2014/12/16
359,2014/12/17
360,2014/12/18
361,2014/12/19
362,2014/12/22
363,2014/12/23
364,2014/12/24
365,2014/12/25
366,2014/12/26
367,2014/12/29
368,2014/12/30
369,2014/12/31
370,2015/1/5
371,2015/1/6
372,2015/1/7
373,2015/1/8
374,2015/1/9
375,2015/1/12
376,2015/1/13
377,2015/1/14
378,2015/1/15
379,2015/1/16
380,2015/1/19
381,2015/1/20
382,2015/1/21
383,2015/1/22
384,2015/1/23
385,2015/1/26
386,2015/1/27
387,2015/1/28
388,2015/1/29
389,2015/1/30
390,2015/2/2
391,2015/2/3
392,2015/2/4
393,2015/2/5
394,2015/2/6
395,2015/2/9
396,2015/2/10
397,2015/2/11
398,2015/2/12
399,2015/2/13
400,2015/2/16
401,2015/2/17
402,2015/2/25
403,2015/2/26
404,2015/2/27
405,2015/3/2
406,2015/3/3
407,2015/3/4
408,2015/3/5
409,2015/3/6
410,2015/3/9
411,2015/3/10
412,2015/3/11
413,2015/3/12
414,2015/3/13
415,2015/3/16
416,2015/3/17
417,2015/3/18
418,2015/3/19
419,2015/3/20
420,2015/3/23
421,2015/3/24
422,2015/3/25
423,2015/3/26
424,2015/3/27
425,2015/3/30
426,2015/3/31
427,2015/4/1
428,2015/4/2
429,2015/4/3
430,2015/4/7
431,2015/4/8
432,2015/4/9
433,2015/4/10
434,2015/4/13
435,2015/4/14
436,2015/4/15
437,2015/4/16
438,2015/4/17
439,2015/4/20
440,2015/4/21
441,2015/4/22
442,2015/4/23
443,2015/4/24
444,2015/4/27
445,2015/4/28
446,2015/4/29
447,2015/4/30
448,2015/5/4
449,2015/5/5
450,2015/5/6
451,2015/5/7
452,2015/5/8
453,2015/5/11
454,2015/5/12
455,2015/5/13
456,2015/5/14
457,2015/5/15
458,2015/5/18
459,2015/5/19
460,2015/5/20
461,2015/5/21
462,2015/5/22
463,2015/5/25
464,2015/5/26
465,2015/5/27
466,2015/5/28
467,2015/5/29
468,2015/6/1
469,2015/6/2
470,2015/6/3
471,2015/6/4
472,2015/6/5
473,2015/6/8
474,2015/6/9
475,2015/6/10
476,2015/6/11
477,2015/6/12
478,2015/6/15
479,2015/6/16
480,2015/6/17
481,2015/6/18
482,2015/6/19
483,2015/6/23
484,2015/6/24
485,2015/6/25
486,2015/6/26
487,2015/6/29
488,2015/6/30
489,2015/7/1
490,2015/7/2
491,2015/7/3
492,2015/7/6
493,2015/7/7
494,2015/7/8
495,2015/7/9
496,2015/7/10
497,2015/7/13
498,2015/7/14
499,2015/7/15
500,2015/7/16
501,2015/7/17
502,2015/7/20
503,2015/7/21
504,2015/7/22
505,2015/7/23
506,2015/7/24
507,2015/7/27
508,2015/7/28
509,2015/7/29
510,2015/7/30
511,2015/7/31
512,2015/8/3
513,2015/8/4
514,2015/8/5
515,2015/8/6
516,2015/8/7
517,2015/8/10
518,2015/8/11
519,2015/8/12
520,2015/8/13
521,2015/8/14
522,2015/8/17
523,2015/8/18
524,2015/8/19
525,2015/8/20
526,2015/8/21
527,2015/8/24
528,2015/8/25
529,2015/8/26
530,2015/8/27
531,2015/8/28
532,2015/8/31
533,2015/9/1
534,2015/9/2
535,2015/9/7
536,2015/9/8
537,2015/9/9
538,2015/9/10
539,2015/9/11
540,2015/9/14
541,2015/9/15
542,2015/9/16
543,2015/9/17
544,2015/9/18
545,2015/9/21
546,2015/9/22
547,2015/9/23
548,2015/9/24
549,2015/9/25
550,2015/9/28
551,2015/9/29
552,2015/9/30
553,2015/10/8
554,2015/10/9
555,2015/10/12
556,2015/10/13
557,2015/10/14
558,2015/10/15
559,2015/10/16
560,2015/10/19
561,2015/10/20
562,2015/10/21
563,2015/10/22
564,2015/10/23
565,2015/10/26
566,2015/10/27
567,2015/10/28
568,2015/10/29
569,2015/10/30
570,2015/11/2
571,2015/11/3
572,2015/11/4
573,2015/11/5
574,2015/11/6
575,2015/11/9
576,2015/11/10
577,2015/11/11
578,2015/11/12
579,2015/11/13
580,2015/11/16
581,2015/11/17
582,2015/11/18
583,2015/11/19
584,2015/11/20
585,2015/11/23
586,2015/11/24
587,2015/11/25
588,2015/11/26
589,2015/11/27
590,2015/11/30
591,2015/12/1
592,2015/12/2
593,2015/12/3
594,2015/12/4
595,2015/12/7
596,2015/12/8
597,2015/12/9
598,2015/12/10
599,2015/12/11
600,2015/12/14
601,2015/12/15
602,2015/12/16
603,2015/12/17
604,2015/12/18
605,2015/12/21
606,2015/12/22
607,2015/12/23
608,2015/12/24
609,2015/12/25
610,2015/12/28
611,2015/12/29
612,2015/12/30
613,2015/12/31
614,2016/1/4
615,2016/1/5
616,2016/1/6
617,2016/1/7
618,2016/1/8
619,2016/1/11
620,2016/1/12
621,2016/1/13
622,2016/1/14
623,2016/1/15
624,2016/1/18
625,2016/1/19
626,2016/1/20
627,2016/1/21
628,2016/1/22
629,2016/1/25
630,2016/1/26
631,2016/1/27
632,2016/1/28
633,2016/1/29
634,2016/2/1
635,2016/2/2
636,2016/2/3
637,2016/2/4
638,2016/2/5
639,2016/2/15
640,2016/2/16
641,2016/2/17
642,2016/2/18
643,2016/2/19
644,2016/2/22
645,2016/2/23
646,2016/2/24
647,2016/2/25
648,2016/2/26
649,2016/2/29
650,2016/3/1
651,2016/3/2
652,2016/3/3
653,2016/3/4
654,2016/3/7
655,2016/3/8
656,2016/3/9
657,2016/3/10
658,2016/3/11
659,2016/3/14
660,2016/3/15
661,2016/3/16
662,2016/3/17
663,2016/3/18
664,2016/3/21
665,2016/3/22
666,2016/3/23
667,2016/3/24
668,2016/3/25
669,2016/3/28
670,2016/3/29
671,2016/3/30
672,2016/3/31
673,2016/4/1
674,2016/4/5
675,2016/4/6
676,2016/4/7
677,2016/4/8
678,2016/4/11
679,2016/4/12
680,2016/4/13
681,2016/4/14
682,2016/4/15
683,2016/4/18
684,2016/4/19
685,2016/4/20
686,2016/4/21
687,2016/4/22
688,2016/4/25
689,2016/4/26
690,2016/4/27
691,2016/4/28
692,2016/4/29
693,2016/5/3
694,2016/5/4
695,2016/5/5
696,2016/5/6
697,2016/5/9
698,2016/5/10
699,2016/5/11
700,2016/5/12
701,2016/5/13
702,2016/5/16
703,2016/5/17
704,2016/5/18
705,2016/5/19
706,2016/5/20
707,2016/5/23
708,2016/5/24
709,2016/5/25
710,2016/5/26
711,2016/5/27
712,2016/5/30
713,2016/5/31
714,2016/6/1
715,2016/6/2
716,2016/6/3
717,2016/6/6
718,2016/6/7
719,2016/6/8
720,2016/6/13
721,2016/6/14
722,2016/6/15
723,2016/6/16
724,2016/6/17
725,2016/6/20
726,2016/6/21
727,2016/6/22
728,2016/6/23
729,2016/6/24
730,2016/6/27
731,2016/6/28
732,2016/6/29
733,2016/6/30
734,2016/7/1
735,2016/7/4
736,2016/7/5
737,2016/7/6
738,2016/7/7
739,2016/7/8
740,2016/7/11
741,2016/7/12
742,2016/7/13
743,2016/7/14
744,2016/7/15
745,2016/7/18
746,2016/7/19
747,2016/7/20
748,2016/7/21
749,2016/7/22
750,2016/7/25
751,2016/7/26
752,2016/7/27
753,2016/7/28
754,2016/7/29
755,2016/8/1
756,2016/8/2
757,2016/8/3
758,2016/8/4
759,2016/8/5
760,2016/8/8
761,2016/8/9
762,2016/8/10
763,2016/8/11
764,2016/8/12
765,2016/8/15
766,2016/8/16
767,2016/8/17
768,2016/8/18
769,2016/8/19
770,2016/8/22
771,2016/8/23
772,2016/8/24
773,2016/8/25
774,2016/8/26
775,2016/8/29
776,2016/8/30
777,2016/8/31
778,2016/9/1
779,2016/9/2
780,2016/9/5
781,2016/9/6
782,2016/9/7
783,2016/9/8
784,2016/9/9
785,2016/9/12
786,2016/9/13
787,2016/9/14
788,2016/9/19
789,2016/9/20
790,2016/9/21
791,2016/9/22
792,2016/9/23
793,2016/9/26
794,2016/9/27
795,2016/9/28
796,2016/9/29
797,2016/9/30
798,2016/10/10
799,2016/10/11
800,2016/10/12
801,2016/10/13
802,2016/10/14
803,2016/10/17
804,2016/10/18
805,2016/10/19
806,2016/10/20
807,2016/10/21
808,2016/10/24
809,2016/10/25
810,2016/10/26
811,2016/10/27
812,2016/10/28
813,2016/10/31
814,2016/11/1
815,2016/11/2
816,2016/11/3
817,2016/11/4
818,2016/11/7
819,2016/11/8
820,2016/11/9
821,2016/11/10
822,2016/11/11
823,2016/11/14
824,2016/11/15
825,2016/11/16
826,2016/11/17
827,2016/11/18
828,2016/11/21
829,2016/11/22
830,2016/11/23
831,2016/11/24
832,2016/11/25
833,2016/11/28
834,2016/11/29
835,2016/11/30
836,2016/12/1
837,2016/12/2
838,2016/12/5
839,2016/12/6
840,2016/12/7
841,2016/12/8
842,2016/12/9
843,2016/12/12
844,2016/12/13
845,2016/12/14
846,2016/12/15
847,2016/12/16
848,2016/12/19
849,2016/12/20
850,2016/12/21
851,2016/12/22
852,2016/12/23
853,2016/12/26
854,2016/12/27
855,2016/12/28
856,2016/12/29
857,2016/12/30
858,2017/1/3
859,2017/1/4
860,2017/1/5
861,2017/1/6
862,2017/1/9
863,2017/1/10
864,2017/1/11
865,2017/1/12
866,2017/1/13
867,2017/1/16
868,2017/1/17
869,2017/1/18
870,2017/1/19
871,2017/1/20
872,2017/1/23
873,2017/1/24
874,2017/1/25
875,2017/1/26
876,2017/2/3
877,2017/2/6
878,2017/2/7
879,2017/2/8
880,2017/2/9
881,2017/2/10
882,2017/2/13
883,2017/2/14
884,2017/2/15
885,2017/2/16
886,2017/2/17
887,2017/2/20
888,2017/2/21
889,2017/2/22
890,2017/2/23
891,2017/2/24
892,2017/2/27
893,2017/2/28
894,2017/3/1
895,2017/3/2
896,2017/3/3
897,2017/3/6
898,2017/3/7
899,2017/3/8
900,2017/3/9
901,2017/3/10
902,2017/3/13
903,2017/3/14
904,2017/3/15
905,2017/3/16
906,2017/3/17
907,2017/3/20
908,2017/3/21
909,2017/3/22
910,2017/3/23
911,2017/3/24
912,2017/3/27
913,2017/3/28
914,2017/3/29
915,2017/3/30
916,2017/3/31
917,2017/4/5
918,2017/4/6
919,2017/4/7
920,2017/4/10
921,2017/4/11
922,2017/4/12
923,2017/4/13
924,2017/4/14
925,2017/4/17
926,2017/4/18
927,2017/4/19
928,2017/4/20
929,2017/4/21
930,2017/4/24
931,2017/4/25
932,2017/4/26
933,2017/4/27
934,2017/4/28
935,2017/5/2
936,2017/5/3
937,2017/5/4
938,2017/5/5
939,2017/5/8
940,2017/5/9
941,2017/5/10
942,2017/5/11
943,2017/5/12
944,2017/5/15
945,2017/5/16
946,2017/5/17
947,2017/5/18
948,2017/5/19
949,2017/5/22
950,2017/5/23
951,2017/5/24
952,2017/5/25
953,2017/5/26
954,2017/5/31
955,2017/6/1
956,2017/6/2
957,2017/6/5
958,2017/6/6
959,2017/6/7
960,2017/6/8
961,2017/6/9
962,2017/6/12
963,2017/6/13
964,2017/6/14
965,2017/6/15
966,2017/6/16
967,2017/6/19
968,2017/6/20
969,2017/6/21
970,2017/6/22
971,2017/6/23
972,2017/6/26
973,2017/6/27
974,2017/6/28
975,2017/6/29
976,2017/6/30
977,2017/7/3
978,2017/7/4
979,2017/7/5
980,2017/7/6
981,2017/7/7
982,2017/7/10
983,2017/7/11
984,2017/7/12
985,2017/7/13
986,2017/7/14
987,2017/7/17
988,2017/7/18
989,2017/7/19
990,2017/7/20
991,2017/7/21
992,2017/7/24
993,2017/7/25
994,2017/7/26
995,2017/7/27
996,2017/7/28
997,2017/7/31
998,2017/8/1
999,2017/8/2
1000,2017/8/3
1001,2017/8/4
1002,2017/8/7
1003,2017/8/8
1004,2017/8/9
1005,2017/8/10
1006,2017/8/11
1007,2017/8/14
1008,2017/8/15
1009,2017/8/16
1010,2017/8/17
1011,2017/8/18
1012,2017/8/21
1013,2017/8/22
1014,2017/8/23
1015,2017/8/24
1016,2017/8/25
1017,2017/8/28
1018,2017/8/29
1019,2017/8/30
1020,2017/8/31
1021,2017/9/1
1022,2017/9/4
1023,2017/9/5
1024,2017/9/6
1025,2017/9/7
1026,2017/9/8
1027,2017/9/11
1028,2017/9/12
1029,2017/9/13
1030,2017/9/14
1031,2017/9/15
1032,2017/9/18
1033,2017/9/19
1034,2017/9/20
1035,2017/9/21
1036,2017/9/22
1037,2017/9/25
1038,2017/9/26
1039,2017/9/27
1040,2017/9/28
1041,2017/9/29
1042,2017/10/9
1043,2017/10/10
1044,2017/10/11
1045,2017/10/12
1046,2017/10/13
1047,2017/10/16
1048,2017/10/17
1049,2017/10/18
1050,2017/10/19
1051,2017/10/20
1052,2017/10/23
1053,2017/10/24
1054,2017/10/25
1055,2017/10/26
1056,2017/10/27
1057,2017/10/30
1058,2017/10/31
1059,2017/11/1
1060,2017/11/2
1061,2017/11/3
1062,2017/11/6
1063,2017/11/7
1064,2017/11/8
1065,2017/11/9
1066,2017/11/10
1067,2017/11/13
1068,2017/11/14
1069,2017/11/15
1070,2017/11/16
1071,2017/11/17
1072,2017/11/20
1073,2017/11/21
1074,2017/11/22
1075,2017/11/23
1076,2017/11/24
1077,2017/11/27
1078,2017/11/28
1079,2017/11/29
1080,2017/11/30
1081,2017/12/1
1082,2017/12/4
1083,2017/12/5
1084,2017/12/6
1085,2017/12/7
1086,2017/12/8
1087,2017/12/11
1088,2017/12/12
1089,2017/12/13
1090,2017/12/14
1091,2017/12/15
1092,2017/12/18
1093,2017/12/19
1094,2017/12/20
1095,2017/12/21
1096,2017/12/22
1097,2017/12/25
1098,2017/12/26
1099,2017/12/27
1100,2017/12/28
1101,2017/12/29
1102,2018/1/2
1103,2018/1/3
1104,2018/1/4
1105,2018/1/5
1106,2018/1/8
1107,2018/1/9
1108,2018/1/10
1109,2018/1/11
1110,2018/1/12
1111,2018/1/15
1112,2018/1/16
1113,2018/1/17
1114,2018/1/18
1115,2018/1/19
1116,2018/1/22
1117,2018/1/23
1118,2018/1/24
1119,2018/1/25
1120,2018/1/26
1121,2018/1/29
1122,2018/1/30
1123,2018/1/31
1124,2018/2/1
1125,2018/2/2
1126,2018/2/5
1127,2018/2/6
1128,2018/2/7
1129,2018/2/8
1130,2018/2/9
1131,2018/2/12
1132,2018/2/13
1133,2018/2/14
1134,2018/2/22
1135,2018/2/23
1136,2018/2/26
1137,2018/2/27
1138,2018/2/28
1139,2018/3/1
1140,2018/3/2
1141,2018/3/5
1142,2018/3/6
1143,2018/3/7
1144,2018/3/8
1145,2018/3/9
1146,2018/3/12
1147,2018/3/13
1148,2018/3/14
1149,2018/3/15
1150,2018/3/16
1151,2018/3/19
1152,2018/3/20
1153,2018/3/21
1154,2018/3/22
1155,2018/3/23
1156,2018/3/26
1157,2018/3/27
1158,2018/3/28
1159,2018/3/29
1160,2018/3/30
1161,2018/4/2
1162,2018/4/3
1163,2018/4/4
1164,2018/4/9
1165,2018/4/10
1166,2018/4/11
1167,2018/4/12
1168,2018/4/13
1169,2018/4/16
1170,2018/4/17
1171,2018/4/18
1172,2018/4/19
1173,2018/4/20
1174,2018/4/23
1175,2018/4/24
1176,2018/4/25
1177,2018/4/26
1178,2018/4/27
1179,2018/5/2
1180,2018/5/3
1181,2018/5/4
1182,2018/5/7
1183,2018/5/8
1184,2018/5/9
1185,2018/5/10
1186,2018/5/11
1187,2018/5/14
1188,2018/5/15
1189,2018/5/16
1190,2018/5/17
1191,2018/5/18
1192,2018/5/21
1193,2018/5/22
1194,2018/5/23
1195,2018/5/24
1196,2018/5/25
1197,2018/5/28
1198,2018/5/29
1199,2018/5/30
1200,2018/5/31
1201,2018/6/1
1202,2018/6/4
1203,2018/6/5
1204,2018/6/6
1205,2018/6/7
1206,2018/6/8
1207,2018/6/11
1208,2018/6/12
1209,2018/6/13
1210,2018/6/14
1211,2018/6/15
1212,2018/6/19
1213,2018/6/20
1214,2018/6/21
1215,2018/6/22
1216,2018/6/25
1217,2018/6/26
1218,2018/6/27
1219,2018/6/28
1220,2018/6/29
1221,2018/7/2
1222,2018/7/3
1223,2018/7/4
1224,2018/7/5
1225,2018/7/6
1226,2018/7/9
1227,2018/7/10
1228,2018/7/11
1229,2018/7/12
1230,2018/7/13
1231,2018/7/16
1232,2018/7/17
1233,2018/7/18
1234,2018/7/19
1235,2018/7/20
1236,2018/7/23
1237,2018/7/24
1238,2018/7/25
1239,2018/7/26
1240,2018/7/27
1241,2018/7/30
1242,2018/7/31
1243,2018/8/1
1244,2018/8/2
1245,2018/8/3
1246,2018/8/6
1247,2018/8/7
1248,2018/8/8
1249,2018/8/9
1250,2018/8/10
1251,2018/8/13
1252,2018/8/14
1253,2018/8/15
1254,2018/8/16
1255,2018/8/17
1256,2018/8/20
1257,2018/8/21
1258,2018/8/22
1259,2018/8/23
1260,2018/8/24
1261,2018/8/27
1262,2018/8/28
1263,2018/8/29
1264,2018/8/30
1265,2018/8/31
1266,2018/9/3
1267,2018/9/4
1268,2018/9/5
1269,2018/9/6
1270,2018/9/7
1271,2018/9/10
1272,2018/9/11
1273,2018/9/12
1274,2018/9/13
1275,2018/9/14
1276,2018/9/17
1277,2018/9/18
1278,2018/9/19
1279,2018/9/20
1280,2018/9/21
1281,2018/9/25
1282,2018/9/26
1283,2018/9/27
1284,2018/9/28
1285,2018/10/8
1286,2018/10/9
1287,2018/10/10
1288,2018/10/11
1289,2018/10/12
1290,2018/10/15
1291,2018/10/16
1292,2018/10/17
1293,2018/10/18
1294,2018/10/19
1295,2018/10/22
1296,2018/10/23
1297,2018/10/24
1298,2018/10/25
1299,2018/10/26
1300,2018/10/29
1301,2018/10/30
1302,2018/10/31
1303,2018/11/1
1304,2018/11/2
1305,2018/11/5
1306,2018/11/6
1307,2018/11/7
1308,2018/11/8
1309,2018/11/9
1310,2018/11/12
1311,2018/11/13
1312,2018/11/14
1313,2018/11/15
1314,2018/11/16
1315,2018/11/19
1316,2018/11/20
1317,2018/11/21
1318,2018/11/22
1319,2018/11/23
1320,2018/11/26
1321,2018/11/27
1322,2018/11/28
1323,2018/11/29
1324,2018/11/30
1325,2018/12/3
1326,2018/12/4
1327,2018/12/5
1328,2018/12/6
1329,2018/12/7
1330,2018/12/10
1331,2018/12/11
1332,2018/12/12
1333,2018/12/13
1334,2018/12/14
1335,2018/12/17
1336,2018/12/18
1337,2018/12/19
1338,2018/12/20
1339,2018/12/21
1340,2018/12/24
1341,2018/12/25
1342,2018/12/26
1343,2018/12/27
1344,2018/12/28
1345,2019/1/2
1346,2019/1/3
1347,2019/1/4
1348,2019/1/7
1349,2019/1/8
1350,2019/1/9
1351,2019/1/10
1352,2019/1/11
1353,2019/1/14
1354,2019/1/15
1355,2019/1/16
1356,2019/1/17
1357,2019/1/18
1358,2019/1/21
1359,2019/1/22
1360,2019/1/23
1361,2019/1/24
1362,2019/1/25
1363,2019/1/28
1364,2019/1/29
1365,2019/1/30
1366,2019/1/31
1367,2019/2/1
1368,2019/2/11
1369,2019/2/12
1370,2019/2/13
1371,2019/2/14
1372,2019/2/15
1373,2019/2/18
1374,2019/2/19
1375,2019/2/20
1376,2019/2/21
1377,2019/2/22
1378,2019/2/25
1379,2019/2/26
1380,2019/2/27
1381,2019/2/28
1382,2019/3/1
1383,2019/3/4
1384,2019/3/5
1385,2019/3/6
1386,2019/3/7
1387,2019/3/8
1388,2019/3/11
1389,2019/3/12
1390,2019/3/13
1391,2019/3/14
1392,2019/3/15
1393,2019/3/18
1394,2019/3/19
1395,2019/3/20
1396,2019/3/21
1397,2019/3/22
1398,2019/3/25
1399,2019/3/26
1400,2019/3/27
1401,2019/3/28
1402,2019/3/29
1403,2019/4/1
1404,2019/4/2
1405,2019/4/3
1406,2019/4/4
1407,2019/4/8
1408,2019/4/9
1409,2019/4/10
1410,2019/4/11
1411,2019/4/12
1412,2019/4/15
1413,2019/4/16
1414,2019/4/17
1415,2019/4/18
1416,2019/4/19
1417,2019/4/22
1418,2019/4/23
1419,2019/4/24
1420,2019/4/25
1421,2019/4/26
1422,2019/4/29
1423,2019/4/30
1424,2019/5/6
1425,2019/5/7
1426,2019/5/8
1427,2019/5/9
1428,2019/5/10
1429,2019/5/13
1430,2019/5/14
1431,2019/5/15
1432,2019/5/16
1433,2019/5/17
1434,2019/5/20
1435,2019/5/21
1436,2019/5/22
1437,2019/5/23
1438,2019/5/24
1439,2019/5/27
1440,2019/5/28
1441,2019/5/29
1442,2019/5/30
1443,2019/5/31
1444,2019/6/3
1445,2019/6/4
1446,2019/6/5
1447,2019/6/6
1448,2019/6/10
1449,2019/6/11
1450,2019/6/12
1451,2019/6/13
1452,2019/6/14
1453,2019/6/17
1454,2019/6/18
1455,2019/6/19
1456,2019/6/20
1457,2019/6/21
1458,2019/6/24
1459,2019/6/25
1460,2019/6/26
1461,2019/6/27
1462,2019/6/28
1463,2019/7/1
1464,2019/7/2
1465,2019/7/3
1466,2019/7/4
1467,2019/7/5
1468,2019/7/8
1469,2019/7/9
1470,2019/7/10
1471,2019/7/11
1472,2019/7/12
1473,2019/7/15
1474,2019/7/16
1475,2019/7/17
1476,2019/7/18
1477,2019/7/19
1478,2019/7/22
1479,2019/7/23
1480,2019/7/24
1481,2019/7/25
1482,2019/7/26
1483,2019/7/29
1484,2019/7/30
1485,2019/7/31
1486,2019/8/1
1487,2019/8/2
1488,2019/8/5
1489,2019/8/6
1490,2019/8/7
1491,2019/8/8
1492,2019/8/9
1493,2019/8/12
1494,2019/8/13
1495,2019/8/14
1496,2019/8/15
1497,2019/8/16
1498,2019/8/19
1499,2019/8/20
1500,2019/8/21
1501,2019/8/22
1502,2019/8/23
1503,2019/8/26
1504,2019/8/27
1505,2019/8/28
1506,2019/8/29
1507,2019/8/30
1508,2019/9/2
1509,2019/9/3
1510,2019/9/4
1511,2019/9/5
1512,2019/9/6
1513,2019/9/9
1514,2019/9/10
1515,2019/9/11
1516,2019/9/12
1517,2019/9/16
1518,2019/9/17
1519,2019/9/18
1520,2019/9/19
1521,2019/9/20
1522,2019/9/23
1523,2019/9/24
1524,2019/9/25
1525,2019/9/26
1526,2019/9/27
1527,2019/9/30
1528,2019/10/8
1529,2019/10/9
1530,2019/10/10
1531,2019/10/11
1532,2019/10/14
1533,2019/10/15
1534,2019/10/16
1535,2019/10/17
1536,2019/10/18
1537,2019/10/21
1538,2019/10/22
1539,2019/10/23
1540,2019/10/24
1541,2019/10/25
1542,2019/10/28
1543,2019/10/29
1544,2019/10/30
1545,2019/10/31
1546,2019/11/1
1547,2019/11/4
1548,2019/11/5
1549,2019/11/6
1550,2019/11/7
1551,2019/11/8
1552,2019/11/11
1553,2019/11/12
1554,2019/11/13
1555,2019/11/14
1556,2019/11/15
1557,2019/11/18
1558,2019/11/19
1559,2019/11/20
1560,2019/11/21
1561,2019/11/22
