datetime,close,volume
2014-01-03,2290.78,5978264500
2014-01-06,2238.64,6630040300
2014-01-07,2238.00,4375310300
2014-01-08,2241.91,5134885400
2014-01-09,2222.22,5598704100
2014-01-10,2204.85,5416929300
2014-01-13,2193.68,5012277200
2014-01-14,2212.85,5404994700
2014-01-15,2208.94,4896239500
2014-01-16,2211.84,5229890200
2014-01-17,2178.49,5027315500
2014-01-20,2165.99,4056015400
2014-01-21,2187.41,4030624700
2014-01-22,2243.80,7064137500
2014-01-23,2231.89,5634595100
2014-01-24,2245.68,6116767000
2014-01-27,2215.92,7034424600
2014-01-28,2219.86,5326913000
2014-01-29,2227.78,5022271700
2014-01-30,2202.45,4363230400
2014-02-07,2212.48,5045931500
2014-02-10,2267.53,8306571600
2014-02-11,2285.56,9922982900
2014-02-12,2291.25,7659216100
2014-02-13,2279.55,9621778900
2014-02-14,2295.57,6708299700
2014-02-17,2311.65,8783166600
2014-02-18,2282.44,8704974300
2014-02-19,2308.66,9935256100
2014-02-20,2287.44,10643953300
2014-02-21,2264.29,7636899300
2014-02-24,2214.51,8921593900
2014-02-25,2157.91,9323755100
2014-02-26,2163.41,7799329700
2014-02-27,2154.11,9010429600
2014-02-28,2178.97,7666805700
2014-03-03,2190.37,8207231400
2014-03-04,2184.27,7306925000
2014-03-05,2163.98,6133201500
2014-03-06,2173.63,6909376700
2014-03-07,2168.36,6426517700
2014-03-10,2097.79,7141640700
2014-03-11,2108.66,5762124300
2014-03-12,2114.13,7006974700
2014-03-13,2140.33,6922602800
2014-03-14,2122.84,5861773700
2014-03-17,2143.04,5240944500
2014-03-18,2138.13,5535413200
2014-03-19,2120.87,5930390500
2014-03-20,2086.97,6763128500
2014-03-21,2158.80,10402480700
2014-03-24,2176.55,10449198400
2014-03-25,2174.44,8687751000
2014-03-26,2171.05,5827617600
2014-03-27,2155.71,7127513200
2014-03-28,2151.97,7008607300
2014-03-31,2146.30,5545748800
2014-04-01,2163.11,4886640300
2014-04-02,2180.73,6503925700
2014-04-03,2165.01,7153603200
2014-04-04,2185.47,4794588800
2014-04-08,2237.32,9721911700
2014-04-09,2238.62,6635726800
2014-04-10,2273.76,11454540500
2014-04-11,2270.67,9061589700
2014-04-14,2268.61,6226499800
2014-04-15,2229.46,6821813000
2014-04-16,2232.53,5167801000
2014-04-17,2224.80,4833362800
2014-04-18,2224.48,5075799500
2014-04-21,2187.25,5627828000
2014-04-22,2196.80,5709469400
2014-04-23,2194.67,4776353100
2014-04-24,2190.47,4505891100
2014-04-25,2167.83,6024538300
2014-04-28,2134.97,6048518700
2014-04-29,2158.47,4820493100
2014-04-30,2158.66,4533462400
2014-05-05,2156.47,4934407300
2014-05-06,2157.33,4808651900
2014-05-07,2137.32,4460747000
2014-05-08,2135.50,4833245200
2014-05-09,2133.91,4918113500
2014-05-12,2180.05,8347256000
2014-05-13,2174.85,6491251800
2014-05-14,2172.37,4851420600
2014-05-15,2144.08,4673403200
2014-05-16,2145.95,4225319700
2014-05-19,2115.14,4289360700
2014-05-20,2115.77,3729968300
2014-05-21,2135.91,3894604200
2014-05-22,2130.87,4625273600
2014-05-23,2148.41,3762310500
2014-05-26,2155.98,3955065600
2014-05-27,2147.28,3589717100
2014-05-28,2169.35,5005626000
2014-05-29,2155.16,4489155600
2014-05-30,2156.46,4392386300
2014-06-03,2149.92,4198295400
2014-06-04,2128.27,4181724900
2014-06-05,2150.60,3647742400
2014-06-06,2134.72,3573805800
2014-06-09,2134.28,3931106000
2014-06-10,2161.27,5050790200
2014-06-11,2160.77,4256371800
2014-06-12,2153.41,4302584300
2014-06-13,2176.24,5925287600
2014-06-16,2191.86,6329687500
2014-06-17,2169.67,4993366500
2014-06-18,2160.24,4946389700
2014-06-19,2126.91,5316264500
2014-06-20,2136.73,4239371900
2014-06-23,2134.11,4117925800
2014-06-24,2144.82,4016435600
2014-06-25,2133.37,3766610000
2014-06-26,2149.08,4435116600
2014-06-27,2150.26,5272289600
2014-06-30,2165.12,5430418800
2014-07-01,2164.56,5332310000
2014-07-02,2170.87,5968550100
2014-07-03,2180.19,6369069000
2014-07-04,2178.70,5285110600
2014-07-07,2176.29,5024233400
2014-07-08,2180.47,5074359900
2014-07-09,2148.71,6202204600
2014-07-10,2142.85,5573249700
2014-07-11,2148.01,6137427400
2014-07-14,2171.76,6615886300
2014-07-15,2174.98,7181569400
2014-07-16,2170.87,8156023000
2014-07-17,2157.07,5945356800
2014-07-18,2164.14,6547329500
2014-07-21,2166.30,5417226000
2014-07-22,2192.70,7854258300
2014-07-23,2197.83,8421387200
2014-07-24,2237.01,11943553400
2014-07-25,2260.45,9897283800
2014-07-28,2323.90,17986933300
2014-07-29,2331.37,13426964100
2014-07-30,2322.01,12302283200
2014-07-31,2350.25,11098776900
2014-08-01,2329.40,12631739000
2014-08-04,2375.62,11671375400
2014-08-05,2369.35,11186178900
2014-08-06,2363.22,11634182900
2014-08-07,2327.46,11672921000
2014-08-08,2331.13,8673969400
2014-08-11,2365.35,9160117100
2014-08-12,2357.05,9182260800
2014-08-13,2358.90,11044778900
2014-08-14,2335.95,9796949300
2014-08-15,2360.64,9359254600
2014-08-18,2374.56,10450955400
2014-08-19,2374.77,11585002000
2014-08-20,2366.14,10128808800
2014-08-21,2354.24,10069021100
2014-08-22,2365.36,8982393800
2014-08-25,2342.86,9737371648
2014-08-26,2324.09,9384422144
2014-08-27,2327.59,6767622144
2014-08-28,2311.28,7049065472
2014-08-29,2338.29,6321142272
2014-09-01,2355.32,7732087040
2014-09-02,2386.46,11443673344
2014-09-03,2408.84,12973420544
2014-09-04,2426.22,11127229696
2014-09-05,2449.26,13355176448
2014-09-09,2445.22,11819434496
2014-09-10,2432.43,10917551872
2014-09-11,2423.45,13298258432
2014-09-12,2438.36,10916016896
2014-09-15,2437.19,12224716032
2014-09-16,2388.76,18674279168
2014-09-17,2401.33,12526902784
2014-09-18,2408.66,11592637696
2014-09-19,2425.21,10181357568
2014-09-22,2378.92,10224087040
2014-09-23,2399.46,8403334144
2014-09-24,2441.86,14271353088
2014-09-25,2436.97,13866189056
2014-09-26,2437.20,10029949440
2014-09-29,2447.80,12340172800
2014-09-30,2450.99,11580422912
2014-10-08,2478.38,12195360512
2014-10-09,2481.95,13792391936
2014-10-10,2466.79,14763430656
2014-10-13,2454.95,13159336192
2014-10-14,2446.56,12739370496
2014-10-15,2463.87,13580188160
2014-10-16,2444.39,15816660224
2014-10-17,2441.73,13275998720
2014-10-20,2454.71,9143539968
2014-10-21,2433.39,9624191232
2014-10-22,2418.64,8865619200
2014-10-23,2395.94,10349184000
2014-10-24,2390.71,7497486848
2014-10-27,2368.83,7386244608
2014-10-28,2416.65,10152305408
2014-10-29,2451.38,15858406144
2014-10-30,2468.93,18962635264
2014-10-31,2508.32,23917241088
2014-11-03,2512.55,20580122880
2014-11-04,2513.17,21824700416
2014-11-05,2503.45,19049186304
2014-11-06,2506.07,14965111552
2014-11-07,2502.15,20876091136
2014-11-10,2565.73,22659973632
2014-11-11,2558.61,32371165440
2014-11-12,2594.32,18468626176
2014-11-13,2579.75,21981561600
2014-11-14,2581.09,16504996608
2014-11-17,2567.10,15847809536
2014-11-18,2541.42,14294135552
2014-11-19,2537.22,12214697472
2014-11-20,2537.10,10614986496
2014-11-21,2583.45,15102813952
2014-11-24,2649.26,27983972096
2014-11-25,2685.56,22261169920
2014-11-26,2723.02,24396248576
2014-11-27,2754.49,26546472960
2014-11-28,2808.82,37532366080
2014-12-01,2819.81,36548741632
2014-12-02,2923.94,36146532352
2014-12-03,2967.55,46615668480
2014-12-04,3104.35,42681292800
2014-12-05,3124.89,52488125952
2014-12-08,3252.88,48446234368
2014-12-09,3106.91,63287456768
2014-12-10,3221.55,42501870848
2014-12-11,3183.01,36709169152
2014-12-12,3193.23,30106532608
2014-12-15,3217.23,28950840064
2014-12-16,3303.40,35906186240
2014-12-17,3360.60,44862343424
2014-12-18,3345.93,35630738944
2014-12-19,3383.17,41214310400
2014-12-22,3394.48,55388151808
2014-12-23,3324.92,37235361280
2014-12-24,3230.39,32057632768
2014-12-25,3335.42,31214409984
2014-12-26,3445.84,38767857664
2014-12-29,3455.45,43165351168
2014-12-30,3457.55,33197861632
2014-12-31,3533.70,34861862656
2015-01-06,3641.059,42096218500
2015-01-07,3643.79,32019123200
2015-01-08,3559.259,29500304500
2015-01-09,3546.723,34998267200
2015-01-12,3513.576,26656717500
2015-01-13,3514.04,18715396500
2015-01-14,3502.423,19601251000
2015-01-15,3604.1209999999996,23781233800
2015-01-16,3635.146,28268161400
2015-01-19,3355.155,32950527500
2015-01-20,3396.222,29784323200
2015-01-21,3548.885,33792821000
2015-01-22,3567.613,26885359900
2015-01-23,3571.732,28017217200
2015-01-26,3607.985,23976620300
2015-01-27,3574.9309999999996,28766917900
2015-01-28,3525.323,21622021400
2015-01-29,3481.798,21161886000
2015-01-30,3434.39,19647915700
2015-02-02,3353.96,19518369900
2015-02-03,3437.445,19284609600
2015-02-04,3401.768,19130434900
2015-02-05,3366.946,25043060900
2015-02-06,3312.42,19266418600
2015-02-09,3345.921,17235382000
2015-02-10,3406.9429999999998,15930908800
2015-02-11,3434.124000000001,14461377200
2015-02-12,3442.874000000001,15608169100
2015-02-13,3469.828,20108997100
2015-02-16,3499.4829999999997,16564134300
2015-02-17,3522.322,16532831300
2015-02-25,3478.729000000001,16553935100
2015-02-26,3566.295,22932843800
2015-02-27,3572.843,22278643800
2015-03-02,3601.265,24817612500
2015-03-03,3507.9,26186648900
2015-03-04,3530.822,19966398100
2015-03-05,3496.344,21750880500
2015-03-06,3478.52,18151805400
2015-03-09,3537.75,23394041100
2015-03-10,3520.611,19426765700
2015-03-11,3524.653,18894782500
2015-03-12,3592.844,26566462500
2015-03-13,3617.657,24686476800
2015-03-16,3705.671,27543830700
2015-03-17,3757.1220000000003,37162566600
2015-03-18,3846.055,41519001100
2015-03-19,3839.739,39154763000
2015-03-20,3892.574,40181755200
2015-03-23,3972.0609999999997,39111992200
2015-03-24,3973.046,46858131200
2015-03-25,3940.4120000000003,37996885100
2015-03-26,3949.999,34675631500
2015-03-27,3971.697,29875606400
2015-03-30,4088.178,42829702000
2015-03-31,4051.204,43606563500
2015-04-01,4123.895,32951285300
2015-04-02,4124.776,33907048700
2015-04-03,4170.538,32130376600
2015-04-07,4260.044,41536265400
2015-04-08,4295.803,45867671500
2015-04-09,4262.138,43969990200
2015-04-10,4344.416,34819017000
2015-04-13,4421.073,43415303600
2015-04-14,4438.184,43443212600
2015-04-15,4380.513,47215413100
2015-04-16,4513.5459999999985,42260374800
2015-04-17,4596.1359999999995,55280266300
2015-04-20,4521.919,68643907500
2015-04-21,4619.164000000002,49031499100
2015-04-22,4739.814,51621379200
2015-04-23,4740.892,49743095400
2015-04-24,4702.641,48015293600
2015-04-27,4807.5920000000015,51307654800
2015-04-28,4741.861,60863854500
2015-04-29,4774.326,39505698000
2015-04-30,4749.886,39972744400
2015-05-04,4787.741,37784385300
2015-05-05,4596.837,46041962600
2015-05-06,4553.327,37607370200
2015-05-07,4470.089,29775920300
2015-05-08,4558.404,30240796700
2015-05-11,4690.532,37383842000
2015-05-12,4747.4209999999985,37705389100
2015-05-13,4718.436,37073042400
2015-05-14,4700.778,33772515200
2015-05-15,4617.47,32843116600
2015-05-18,4575.14,26918048900
2015-05-19,4731.222,31478595200
2015-05-20,4754.919,36318074800
2015-05-21,4840.976,30505453700
2015-05-22,4951.335,45584671800
2015-05-25,5099.495,46573659000
2015-05-26,5198.918,48794935900
2015-05-27,5181.434,47079873000
2015-05-28,4834.007000000001,57182904700
2015-05-29,4840.8290000000015,42787885900
2015-06-01,5076.179,41750374100
2015-06-02,5161.87,41297319600
2015-06-03,5143.59,41425827000
2015-06-04,5181.416,48276726800
2015-06-05,5230.552,54596119600
2015-06-08,5353.751,63731323700
2015-06-09,5317.460999999998,57042726300
2015-06-10,5309.111999999999,44216567600
2015-06-11,5306.59,39233875500
2015-06-12,5335.115,43013138600
2015-06-15,5221.167,47574570300
2015-06-16,5064.821,41167563800
2015-06-17,5138.831,39712418700
2015-06-18,4930.549,36439581400
2015-06-19,4637.052,35810474400
2015-06-23,4786.0909999999985,36508794400
2015-06-24,4880.126,43463872300
2015-06-25,4706.516,44613598200
2015-06-26,4336.195,44663979000
2015-06-29,4191.549,52566248200
2015-06-30,4472.998,52704528000
2015-07-01,4253.021,43172141100
2015-07-02,4107.996,45706219400
2015-07-03,3885.917,42930085000
2015-07-06,3998.5370000000003,64809453000
2015-07-07,3928.002,67938500700
2015-07-08,3663.038,58146709700
2015-07-09,3897.626,50387061000
2015-07-10,4106.556,50070180200
2015-07-13,4211.812,50209218600
2015-07-14,4112.149,45442200900
2015-07-15,3966.759,42195636700
2015-07-16,3997.355,33053134500
2015-07-17,4151.496,33110713100
2015-07-20,4160.612,35267347200
2015-07-21,4166.0059999999985,31837494500
2015-07-22,4157.16,31894599700
2015-07-23,4250.805,35447175900
2015-07-24,4176.279,39204537300
2015-07-27,3818.731,36505451100
2015-07-28,3811.093,38352721600
2015-07-29,3930.379,27697284500
2015-07-30,3815.4120000000003,27154866500
2015-07-31,3816.699,22237676700
2015-08-03,3829.235,24580503000
2015-08-04,3948.156,22023655600
2015-08-05,3866.9,20048426900
2015-08-06,3831.852,14727869400
2015-08-07,3906.945,18334915300
2015-08-10,4084.365,30678054000
2015-08-11,4066.6690000000003,32203419100
2015-08-12,4016.126,25514619600
2015-08-13,4075.4629999999997,24283697900
2015-08-14,4073.54,25339299600
2015-08-17,4077.8720000000003,25693963800
2015-08-18,3825.412,31988107000
2015-08-19,3886.136,26904983900
2015-08-20,3761.454,21216796500
2015-08-21,3589.5359999999996,21798640300
2015-08-24,3275.534,25543665200
2015-08-25,3042.927,27608130600
2015-08-26,3025.692,30827062300
2015-08-27,3205.637,26729493000
2015-08-28,3342.286,29949842600
2015-08-31,3366.5359999999996,28025040300
2015-09-01,3362.083,35245852800
2015-09-02,3365.8320000000012,34778941200
2015-09-07,3250.485,20422443100
2015-09-08,3334.0229999999997,15459963100
2015-09-09,3399.305,22046742100
2015-09-10,3357.5609999999997,14488297100
2015-09-11,3347.188,10854750800
2015-09-14,3281.132,20545725100
2015-09-15,3152.232,14355564100
2015-09-16,3309.248,15970999400
2015-09-17,3236.999000000001,16940188100
2015-09-18,3251.2729999999997,10690348100
2015-09-21,3308.247000000001,12278866800
2015-09-22,3339.03,14622198500
2015-09-23,3263.028,12317143900
2015-09-24,3284.999000000001,10201123800
2015-09-25,3231.951,12141927800
2015-09-28,3242.752,7421946800
2015-09-29,3178.854000000001,8715063300
2015-09-30,3202.948,7855934900
2015-10-08,3296.482,13208176800
2015-10-09,3340.116,12435250000
2015-10-12,3447.693,22140046800
2015-10-13,3445.0429999999997,14543378600
2015-10-14,3406.112,15217393800
2015-10-15,3486.815,17115829900
2015-10-16,3534.065,20896470900
2015-10-19,3534.1820000000002,20760674400
2015-10-20,3577.703,17902510800
2015-10-21,3473.2540000000013,28207605000
2015-10-22,3524.534,18430558000
2015-10-23,3571.241,19829447800
2015-10-26,3589.261,20424886300
2015-10-27,3592.8790000000013,19205614000
2015-10-28,3524.92,17097709800
2015-10-29,3533.3059999999996,12701044600
2015-10-30,3534.079,13914191400
2015-11-02,3475.962,13000256800
2015-11-03,3465.493,10140187600
2015-11-04,3628.538,20542386500
2015-11-05,3705.97,39804656800
2015-11-06,3793.3740000000003,29875307600
2015-11-09,3840.355,35680482300
2015-11-10,3833.238,28651960300
2015-11-11,3833.646,23223429600
2015-11-12,3795.324,21753764700
2015-11-13,3746.242,20348989100
2015-11-16,3764.1259999999997,16169090100
2015-11-17,3758.387,24853307100
2015-11-18,3715.58,18568949500
2015-11-19,3774.969,15463198900
2015-11-20,3774.383,18695168900
2015-11-23,3753.335,17562681200
2015-11-24,3753.889,14338328300
2015-11-25,3781.607,15194494100
2015-11-26,3759.429,17352546800
2015-11-27,3556.992,20893935800
2015-11-30,3566.412000000001,17320116300
2015-12-01,3591.696,13653655400
2015-12-02,3721.955,21353886500
2015-12-03,3749.299,19776212600
2015-12-04,3677.592,15119952200
2015-12-07,3687.607,11388315000
2015-12-08,3623.02,12578108300
2015-12-09,3635.938,11332542200
2015-12-10,3623.0840000000003,12021562500
2015-12-11,3608.059,11032248100
2015-12-14,3711.322,15176911900
2015-12-15,3694.388,12648171000
2015-12-16,3685.44,11134272300
2015-12-17,3755.888,17792407500
2015-12-18,3767.913,17346598000
2015-12-21,3865.965,21743527500
2015-12-22,3876.732,18030366100
2015-12-23,3866.381,20701714700
2015-12-24,3829.402,14718139700
2015-12-25,3838.201,11962401300
2015-12-28,3727.632,15398844000
2015-12-29,3761.875,10188555500
2015-12-30,3765.175,10562995500
2015-12-31,3731.005,10187355600
2016-01-05,3478.78,16211698400
2016-01-06,3539.808,14596614400
2016-01-07,3294.384,4410264100
2016-01-08,3361.563,18595945100
2016-01-11,3192.45,17463838700
2016-01-12,3215.71,12822579600
2016-01-13,3155.8790000000013,12066649400
2016-01-14,3221.571,13453767100
2016-01-15,3118.73,12460177900
2016-01-18,3130.729000000001,10112838600
2016-01-19,3223.125,12765389300
2016-01-20,3174.3779999999997,13065050400
2016-01-21,3081.345,11118973300
2016-01-22,3113.4629999999997,8995108700
2016-01-25,3128.886,8154006100
2016-01-26,2940.509,12693392100
2016-01-27,2930.352000000001,13222936600
2016-01-28,2853.756,9922275600
2016-01-29,2946.09,11330425900
2016-02-01,2901.048,8679534200
2016-02-02,2961.334000000001,8860196300
2016-02-03,2948.639,7738900000
2016-02-04,2984.76,9177972400
2016-02-05,2963.789,7685080800
2016-02-15,2946.7070000000012,7291943400
2016-02-16,3037.035,11257964300
2016-02-17,3063.32,12829160700
2016-02-18,3053.698,12440146400
2016-02-19,3051.585,8733801200
2016-02-22,3118.867,14094696800
2016-02-23,3089.363,11256739100
2016-02-24,3109.545,11178265000
2016-02-25,2918.75,15782975200
2016-02-26,2948.031,10694972900
2016-02-29,2877.467,12934102000
2016-03-01,2930.6940000000004,11604591800
2016-03-02,3051.333,17597234700
2016-03-03,3058.422,17310574400
2016-03-04,3093.889,21917253400
2016-03-07,3104.84,13246203700
2016-03-08,3107.673,13623574200
2016-03-09,3071.907,11146624500
2016-03-10,3013.146,7607219700
2016-03-11,3018.284,7333356400
2016-03-14,3065.69,11710865500
2016-03-15,3074.78,9831194100
2016-03-16,3090.033,12473644800
2016-03-17,3124.204,12166177700
2016-03-18,3171.963,19730256400
2016-03-21,3249.437,23326946400
2016-03-22,3225.79,16102089700
2016-03-23,3236.092,12567928600
2016-03-24,3181.851,13313112200
2016-03-25,3197.817,9739533000
2016-03-28,3169.728,10344193300
2016-03-29,3135.41,9729474700
2016-03-30,3216.275,11780251200
2016-03-31,3218.0879999999997,12155207400
2016-04-01,3221.895,11812213900
2016-04-05,3264.486,14604777200
2016-04-06,3257.528,12019630500
2016-04-07,3209.29,11240946700
2016-04-08,3185.726,10100562500
2016-04-11,3230.0959999999995,12521270900
2016-04-12,3218.45,9286943700
2016-04-13,3261.383,19561386600
2016-04-14,3275.8320000000012,11315732700
2016-04-15,3272.205,9980752900
2016-04-18,3228.453,9709006900
2016-04-19,3238.303,8087144000
2016-04-20,3181.026,16220785800
2016-04-21,3160.603,10475265100
2016-04-22,3174.901,7707849200
2016-04-25,3162.033,6751935100
2016-04-26,3179.16,5902073400
2016-04-27,3165.9159999999997,6000414700
2016-04-28,3160.581,6987066000
2016-04-29,3156.745,5802977600
2016-05-03,3213.54,9816483500
2016-05-04,3209.461,9086240800
2016-05-05,3213.92,7473368100
2016-05-06,3130.354000000001,10868024000
2016-05-09,3065.615,9923047700
2016-05-10,3069.112,6884993500
2016-05-11,3082.809,8179425800
2016-05-12,3090.137,7876572600
2016-05-13,3074.935,6262975500
2016-05-16,3095.309,5946185600
2016-05-17,3086.025,6527812500
2016-05-18,3068.0359999999996,8271536900
2016-05-19,3062.5,6044416600
2016-05-20,3078.218,5608084200
2016-05-23,3087.222,5969721600
2016-05-24,3063.5559999999996,5873438500
2016-05-25,3059.226,5665280300
2016-05-26,3064.211,6039298100
2016-05-27,3062.499000000001,6046875000
2016-05-30,3066.709000000001,6309857900
2016-05-31,3169.56,13886311100
2016-06-01,3160.547,11314848200
2016-06-02,3167.1,8600342700
2016-06-03,3189.325,10149178300
2016-06-06,3178.788,7669375100
2016-06-07,3177.054,6892831400
2016-06-08,3163.986,7629177500
2016-06-13,3066.341,9297594700
2016-06-14,3075.983,6627945700
2016-06-15,3116.368,8739325700
2016-06-16,3094.675,8297470300
2016-06-17,3110.357,8540298500
2016-06-20,3112.6740000000004,6358714100
2016-06-21,3106.317,8796534500
2016-06-22,3133.961,6648711300
2016-06-23,3117.317,6775173800
2016-06-24,3077.156,10479220800
2016-06-27,3120.5440000000012,8326725900
2016-06-28,3136.401,9202463700
2016-06-29,3151.39,10372366800
2016-06-30,3153.921,7969261700
2016-07-01,3154.2,7174628300
2016-07-04,3204.696,13331052900
2016-07-05,3207.383,13022689500
2016-07-06,3216.803,12489745800
2016-07-07,3209.954,11859520200
2016-07-08,3192.281,8973485500
2016-07-11,3203.33,13852951100
2016-07-12,3273.182,17253421700
2016-07-13,3282.868,17519609000
2016-07-14,3276.764,10752579800
2016-07-15,3276.278,10266502600
2016-07-18,3262.022,11031251800
2016-07-19,3248.2340000000013,8888686100
2016-07-20,3237.605,7270125500
2016-07-21,3252.5229999999997,8600482500
2016-07-22,3225.162000000001,8602912800
2016-07-25,3230.885,7020318500
2016-07-26,3269.588,8105108900
2016-07-27,3218.243,16018866500
2016-07-28,3221.136,11277996400
2016-07-29,3203.93,8804483700
2016-08-01,3176.809,8700349700
2016-08-02,3189.053,6216763900
2016-08-03,3193.507,7286410200
2016-08-04,3201.289,7350437300
2016-08-05,3205.11,7719636600
2016-08-08,3234.183,8667605100
2016-08-09,3256.981,9106525900
2016-08-10,3243.341,9043037200
2016-08-11,3233.36,10104121300
2016-08-12,3294.2340000000013,11625404400
2016-08-15,3393.4240000000004,22054342100
2016-08-16,3378.245,19638974000
2016-08-17,3373.048,13884768800
2016-08-18,3364.485,14238016900
2016-08-19,3365.02,11996150800
2016-08-22,3336.795,10795100800
2016-08-23,3341.83,9292451600
2016-08-24,3329.863,8119142900
2016-08-25,3308.972,10058915300
2016-08-26,3307.09,8153069100
2016-08-29,3307.781,7703633300
2016-08-30,3311.987,7572598700
2016-08-31,3327.7940000000012,7957080500
2016-09-01,3301.577,8494721900
2016-09-02,3314.114,8279180300
2016-09-05,3319.68,7829247700
2016-09-06,3342.626,9828399800
2016-09-07,3340.817,10294010600
2016-09-08,3339.564000000001,7191615800
2016-09-09,3318.0440000000012,8265703600
2016-09-12,3262.604000000001,12291768200
2016-09-13,3260.333,6718028800
2016-09-14,3238.73,7043269700
2016-09-19,3263.124000000001,5883108200
2016-09-20,3257.403,5278420600
2016-09-21,3266.636,5914297900
2016-09-22,3291.121,7575354200
2016-09-23,3275.667,5799398600
2016-09-26,3220.284,7045218600
2016-09-27,3240.755,5846055000
2016-09-28,3230.89,4472749800
2016-09-29,3244.387,5545255600
2016-09-30,3253.285,4497802200
2016-10-10,3293.869,8051926000
2016-10-11,3306.557,8771316300
2016-10-12,3300.01,6866978100
2016-10-13,3302.646,8122419800
2016-10-14,3305.848,8231627100
2016-10-17,3277.8790000000013,8611350900
2016-10-18,3321.333,10286071400
2016-10-19,3316.241,10116772500
2016-10-20,3318.604000000001,7923887100
2016-10-21,3327.74,10978517600
2016-10-24,3367.578,15301434500
2016-10-25,3367.455,11119169300
2016-10-26,3354.8,9802478600
2016-10-27,3345.695,7762985100
2016-10-28,3340.1259999999997,9313330900
2016-10-31,3336.278,7135286300
2016-11-01,3359.052,7493819900
2016-11-02,3333.352000000001,9119710400
2016-11-03,3365.085,12622350400
2016-11-04,3354.175,10406965500
2016-11-07,3356.592,9987798800
2016-11-08,3371.118,10314828200
2016-11-09,3353.055,13911005900
2016-11-10,3390.612,13470553500
2016-11-11,3417.2209999999995,19878149600
2016-11-14,3430.248,21324710500
2016-11-15,3429.87,13456632000
2016-11-16,3429.592,12980851100
2016-11-17,3436.535,12156173100
2016-11-18,3417.455,11595120500
2016-11-21,3441.111,14643452900
2016-11-22,3468.364,16852344600
2016-11-23,3474.729000000001,16238850400
2016-11-24,3488.74,14574630100
2016-11-25,3521.298,15362150600
2016-11-28,3535.081,20737548300
2016-11-29,3564.04,23691835600
2016-11-30,3538.001,17856017800
2016-12-01,3565.0359999999996,18017076100
2016-12-02,3528.955,19635548000
2016-12-05,3469.407,18085235500
2016-12-06,3459.153,11552909000
2016-12-07,3475.747000000001,11434510300
2016-12-08,3470.143,11738392200
2016-12-09,3493.7,15030330800
2016-12-12,3409.179,18746775100
2016-12-13,3405.035,12110509700
2016-12-14,3378.945,12400774400
2016-12-15,3340.434,11496066000
2016-12-16,3346.031,9077542200
2016-12-19,3328.9829999999997,8164067800
2016-12-20,3309.064000000001,8756959200
2016-12-21,3338.5359999999996,10825499500
2016-12-22,3335.672,9227724900
2016-12-23,3307.599,9744471300
2016-12-26,3322.401,8979398200
2016-12-27,3316.385,7548635900
2016-12-28,3301.889,6900043700
2016-12-29,3297.765,7008792300
2016-12-30,3310.081,7174411600
2017-01-04,3368.312,9005082700
2017-01-05,3367.789,8833635700
2017-01-06,3347.667,8745911400
2017-01-09,3363.901,8370794200
2017-01-10,3358.271,8381916000
2017-01-11,3334.495,9107143800
2017-01-12,3317.624000000001,8123913500
2017-01-13,3319.912000000001,8418058900
2017-01-16,3319.446,15777913500
2017-01-17,3326.3559999999998,6945332800
2017-01-18,3339.365,7062322700
2017-01-19,3329.289,6615980800
2017-01-20,3354.889,6530046200
2017-01-23,3364.0809999999997,7555749800
2017-01-24,3364.451,6619422600
2017-01-25,3375.9040000000005,5837693100
2017-01-26,3387.961,6531664700
2017-02-03,3364.492,5518886100
2017-02-06,3373.205,6852136000
2017-02-07,3365.685,6375446200
2017-02-08,3383.288,7540287900
2017-02-09,3396.292,9755851500
2017-02-10,3413.487,12376872000
2017-02-13,3436.275,12014453800
2017-02-14,3435.804,9480946500
2017-02-15,3421.7129999999997,12764333800
2017-02-16,3440.933,10827696200
2017-02-17,3421.442,11460003600
2017-02-20,3471.393,13262886200
2017-02-21,3482.823,11484200900
2017-02-22,3489.757,10281599400
2017-02-23,3473.323,9953633000
2017-02-24,3473.852000000001,9553513300
2017-02-27,3446.223,9867216000
2017-02-28,3452.81,7521526000
2017-03-01,3458.438,10326035400
2017-03-02,3435.0959999999995,8989807700
2017-03-03,3427.863,8099465200
2017-03-06,3446.4840000000013,8307088200
2017-03-07,3453.9570000000012,8033472000
2017-03-08,3448.731,7958769000
2017-03-09,3426.9440000000004,8457038100
2017-03-10,3427.892000000001,7001619900
2017-03-13,3458.098,9168412400
2017-03-14,3456.693,7707796300
2017-03-15,3463.6440000000002,7910495400
2017-03-16,3481.507,10633391300
2017-03-17,3445.805,10375556000
2017-03-20,3449.613,8873432200
2017-03-21,3466.347,8770785500
2017-03-22,3450.05,10493589400
2017-03-23,3461.978,9431806200
2017-03-24,3489.6,12564583300
2017-03-27,3478.039,10701537700
2017-03-28,3469.809,8419482000
2017-03-29,3465.1929999999998,10485170600
2017-03-30,3436.758,11637692200
2017-03-31,3456.045,9157749100
2017-04-05,3503.893,14339901700
2017-04-06,3514.047,13676700400
2017-04-07,3517.463,14029320400
2017-04-10,3505.139,14188738000
2017-04-11,3517.328,16594583200
2017-04-12,3509.439000000001,18182453700
2017-04-13,3514.566,12998181300
2017-04-14,3486.5040000000013,13547407800
2017-04-17,3479.942,11716496100
2017-04-18,3462.743,11092782300
2017-04-19,3445.876,12134926400
2017-04-20,3461.548,11418420800
2017-04-21,3466.787000000001,10441911000
2017-04-24,3431.259,11466079100
2017-04-25,3440.974,9407214800
2017-04-26,3445.183,11194002900
2017-04-27,3446.72,12329842500
2017-04-28,3439.7529999999997,10163235100
2017-05-02,3426.577,9279746200
2017-05-03,3413.1279999999997,9166962400
2017-05-04,3404.386,10348207500
2017-05-05,3382.55,10989533300
2017-05-08,3358.813,12374928700
2017-05-09,3352.532,7677166800
2017-05-10,3337.701,9208262800
2017-05-11,3356.6459999999997,10925289000
2017-05-12,3385.3790000000013,9338646600
2017-05-15,3399.1940000000004,8297761100
2017-05-16,3428.6490000000013,10524241600
2017-05-17,3409.966,9973683700
2017-05-18,3398.113,8575958900
2017-05-19,3403.849,7147352500
2017-05-22,3411.239,9253955900
2017-05-23,3424.1940000000004,11691103300
2017-05-24,3424.167,8355316100
2017-05-25,3485.658,13072163100
2017-05-26,3480.435,10324115300
2017-05-31,3492.884,10482974464
2017-06-01,3497.738,10312772352
2017-06-02,3486.507,8266800896
2017-06-05,3468.753,7973815296
2017-06-06,3492.881,6408938752
2017-06-07,3533.871,10441996800
2017-06-08,3560.978,9022490624
2017-06-09,3576.17,10118826496
2017-06-12,3574.389,9038116608
2017-06-13,3582.267000000001,7517713920
2017-06-14,3535.298,8381078272
2017-06-15,3528.792,8263253504
2017-06-16,3518.761,7645270784
2017-06-19,3553.665,7979714048
2017-06-20,3546.494,8050956032
2017-06-21,3587.955,8785982464
2017-06-22,3590.342,13552698624
2017-06-23,3622.883,10512913408
2017-06-26,3668.091,13463799552
2017-06-27,3674.715,9755870208
2017-06-28,3646.1659999999997,9792085760
2017-06-29,3668.827,8558949888
2017-06-30,3666.797,8151002880
2017-07-03,3650.846,8882085888
2017-07-04,3619.9840000000004,9507141376
2017-07-05,3659.679,8823242496
2017-07-06,3660.0959999999995,10237924608
2017-07-07,3655.929,10373549824
2017-07-10,3653.6859999999997,12059191040
2017-07-11,3670.808,11876082688
2017-07-12,3658.823,12228779264
2017-07-13,3686.92,12566955008
2017-07-14,3703.094,10551400448
2017-07-17,3663.557,17882160128
2017-07-18,3667.18,12462205696
2017-07-19,3729.746,18247778816
2017-07-20,3747.884,14241004032
2017-07-21,3728.597,11794122496
2017-07-24,3743.468,13486872320
2017-07-25,3719.559,12167205888
2017-07-26,3705.388,13632520960
2017-07-27,3712.194,14500290304
2017-07-28,3721.8909999999996,11141139200
2017-07-31,3737.873,14842903808
2017-08-01,3770.382,15254653952
2017-08-02,3760.852,17229338368
2017-08-03,3727.8259999999996,14615394304
2017-08-04,3707.579,15747005952
2017-08-07,3726.7940000000003,12423152896
2017-08-08,3732.212,13724192768
2017-08-09,3731.0440000000003,12467998976
2017-08-10,3715.92,13008512768
2017-08-11,3647.35,15038742016
2017-08-14,3694.683,11530845184
2017-08-15,3706.0559999999996,10644485632
2017-08-16,3701.42,10413414144
2017-08-17,3721.277,10865625088
2017-08-18,3724.674,9656170496
2017-08-21,3740.994,10031307264
2017-08-22,3752.298,10029285632
2017-08-23,3756.0879999999997,10496157184
2017-08-24,3734.645,8994737152
2017-08-25,3795.7540000000004,12994089984
2017-08-28,3842.711,18557632512
2017-08-29,3834.5370000000003,12822706944
2017-08-30,3834.3,14135285760
2017-08-31,3822.092,13294493440
2017-09-01,3830.538,15864551168
2017-09-04,3845.616,14956632064
2017-09-05,3857.046,12496415488
2017-09-06,3849.449,13139872256
2017-09-07,3829.871,12388418048
2017-09-08,3825.989,10603650304
2017-09-11,3825.645,12388399616
2017-09-12,3837.934,14419024128
2017-09-13,3842.606,9541078528
2017-09-14,3829.955,11535858432
2017-09-15,3831.296,12242700544
2017-09-18,3843.1420000000003,11793440512
2017-09-19,3832.116,11243298816
2017-09-20,3842.435,10112954112
2017-09-21,3837.817,11109819136
2017-09-22,3837.73,10061980160
2017-09-25,3817.791,10394897664
2017-09-26,3820.781,8186940672
2017-09-27,3821.2,8565581056
2017-09-28,3822.538,9354406912
2017-09-29,3836.501,9330602752
2017-10-09,3882.2070000000003,13553585152
2017-10-10,3889.863,11253258496
2017-10-11,3902.6859999999997,10441815040
2017-10-12,3912.953,9434092032
2017-10-13,3921.0009999999997,9014206720
2017-10-16,3913.446,12135503360
2017-10-17,3913.0679999999998,8224122624
2017-10-18,3944.162,10096984064
2017-10-19,3931.2490000000003,10652725248
2017-10-20,3926.852,7298018048
2017-10-23,3930.798,8148497920
2017-10-24,3959.395,9305815296
2017-10-25,3976.949,8820545792
2017-10-26,3993.575,12989546496
2017-10-27,4021.967,12667284736
2017-10-30,4009.721,15738760192
2017-10-31,4006.717,10917878016
2017-11-01,3996.622,13041737984
2017-11-02,3997.134,12610057984
2017-11-03,3992.697,12940443904
2017-11-06,4020.889,12208115968
2017-11-07,4054.246,15211666432
2017-11-08,4048.005,15082771968
2017-11-09,4075.899,12105633536
2017-11-10,4111.911,14181716480
2017-11-13,4128.073,15144630784
2017-11-14,4099.351,14323693568
2017-11-15,4073.669,12063569664
2017-11-16,4105.012,12138441472
2017-11-17,4120.85,19178412032
2017-11-20,4143.833,13744725760
2017-11-21,4217.701,18035081984
2017-11-22,4227.566,18647700224
2017-11-23,4102.396,17814722816
2017-11-24,4104.2029999999995,13085804032
2017-11-27,4049.947,14345526784
2017-11-28,4055.823,10205809408
2017-11-29,4053.752,12455364096
2017-11-30,4006.099,10798334464
2017-12-01,3998.136,9738691328
2017-12-04,4018.857,10264721920
2017-12-05,4040.17,15408707584
2017-12-06,4015.821,10928620544
2017-12-07,3971.056,9025404416
2017-12-08,4003.3790000000004,8928286208
2017-12-11,4069.499,9714894592
2017-12-12,4016.0159999999996,8433871872
2017-12-13,4050.092,7754612992
2017-12-14,4026.151,8076886272
2017-12-15,3980.855,8904438784
2017-12-18,3985.2909999999997,7785337600
2017-12-19,4035.329,7752898560
2017-12-20,4030.489,9060450304
2017-12-21,4067.848,9683608832
2017-12-22,4054.598,7347368448
2017-12-25,4041.54,9192696320
2017-12-26,4053.6220000000003,9111878912
2017-12-27,3991.207,10515357696
2017-12-28,4018.897,11854288640
2017-12-29,4030.854,9048668416
2018-01-03,4111.392,15185221888
2018-01-04,4128.811,13454379520
2018-01-05,4138.75,14900987136
2018-01-08,4160.1590000000015,17387766528
2018-01-09,4189.297000000001,13903429376
2018-01-10,4207.813,15112166656
2018-01-11,4205.585999999998,12157853952
2018-01-12,4225.001,11135479296
2018-01-15,4225.239000000001,17090789632
2018-01-16,4258.473,16149496320
2018-01-17,4248.116,21431103232
2018-01-18,4271.416,17203284736
2018-01-19,4285.395,20949057024
2018-01-22,4336.597,17464319488
2018-01-23,4382.612,20186758400
2018-01-24,4389.885,21981889024
2018-01-25,4365.0790000000015,19537495040
2018-01-26,4381.299,17722723584
2018-01-29,4302.018,19110035456
2018-01-30,4256.102,13903472896
2018-01-31,4275.898,14521016320
2018-02-01,4245.897,19000293376
2018-02-02,4271.232,14606682624
2018-02-05,4274.146,16134779904
2018-02-06,4148.885,21491045120
2018-02-07,4050.4970000000003,20312749312
2018-02-08,4012.047,15926998528
2018-02-09,3840.652,20634982912
2018-02-12,3890.104,11618263808
2018-02-13,3935.632,11256588544
2018-02-14,3966.961,7108133888
2018-02-22,4052.7329999999997,10581157120
2018-02-23,4071.088,9945874688
2018-02-26,4118.418,13788100096
2018-02-27,4058.98,12593446912
2018-02-28,4023.6409999999996,10934359296
2018-03-01,4049.086,11019985152
2018-03-02,4016.461,9616499968
2018-03-05,4018.097,8795254784
2018-03-06,4066.5640000000003,13876244480
2018-03-07,4036.653,10695242496
2018-03-08,4077.6,9115580928
2018-03-09,4108.865,11370180864
2018-03-12,4127.666,14090673920
2018-03-13,4091.253,11176643072
2018-03-14,4073.344,9901340928
2018-03-15,4096.162,8816115712
2018-03-16,4056.422,8489618688
2018-03-19,4074.247,8150288128
2018-03-20,4077.704,8060528128
2018-03-21,4061.05,9760948736
2018-03-22,4020.349,8909526016
2018-03-23,3904.935,18008044800
2018-03-26,3879.893,11513912832
2018-03-27,3913.268,11370071040
2018-03-28,3842.715,10149490688
2018-03-29,3894.049,11662906624
2018-03-30,3898.4970000000003,9751227136
2018-04-02,3886.918,11124266496
2018-04-03,3862.4790000000003,9513736960
2018-04-04,3854.862,8873060864
2018-04-09,3852.929,8410546176
2018-04-10,3927.172,10617372160
2018-04-11,3938.343,11193302016
2018-04-12,3898.635,8269948928
2018-04-13,3871.1440000000002,7154420224
2018-04-16,3808.863,9921776896
2018-04-17,3748.6409999999996,9061079040
2018-04-18,3766.282,10667670528
2018-04-19,3811.843,9905405952
2018-04-20,3760.854,9928292608
2018-04-23,3766.325,9035629056
2018-04-24,3843.488,11421952512
2018-04-25,3828.7009999999996,7817261312
2018-04-26,3755.494,8715064064
2018-04-27,3756.8759999999997,8953172736
2018-05-02,3763.6459999999997,8330103552
2018-05-03,3793.0,9396111872
2018-05-04,3774.598,7155428864
2018-05-07,3834.187,8728619520
2018-05-08,3878.676,9421515776
2018-05-09,3871.615,6671296512
2018-05-10,3893.0559999999996,7066780928
2018-05-11,3872.838,7335660288
2018-05-14,3909.2929999999997,8197600000
2018-05-15,3924.097,7604955392
2018-05-16,3892.844,7191364608
2018-05-17,3864.05,5903012352
2018-05-18,3903.063,7261395712
2018-05-21,3921.242,9264173824
2018-05-22,3906.208,7536877824
2018-05-23,3854.582,8372231936
2018-05-24,3827.217,6834502144
2018-05-25,3816.498,7083638528
2018-05-28,3833.259,7152113152
2018-05-29,3804.009,8155266304
2018-05-30,3723.3720000000003,8791328512
2018-05-31,3802.375,9266689536
2018-06-01,3770.5890000000004,7782181376
2018-06-04,3807.578,7662434048
2018-06-05,3845.316,7868736000
2018-06-06,3837.351,7311723776
2018-06-07,3831.012,8025614592
2018-06-08,3779.615,8333733632
2018-06-11,3779.9809999999998,6870983424
2018-06-12,3825.953,7320624384
2018-06-13,3788.3390000000004,6637797120
2018-06-14,3773.365,6847132160
2018-06-15,3753.433,8548889344
2018-06-19,3621.116,16070654208
2018-06-20,3635.4429999999998,8671809792
2018-06-21,3592.965,9390855168
2018-06-22,3608.9040000000014,7511786496
2018-06-25,3560.477000000001,7987707904
2018-06-26,3531.111,8498526976
2018-06-27,3459.262,8149181696
2018-06-28,3423.525,7591805184
2018-06-29,3510.9840000000013,7725703168
2018-07-02,3407.9629999999997,8435144960
2018-07-03,3409.28,9527869184
2018-07-04,3363.747000000001,7515799808
2018-07-05,3342.437,8158798080
2018-07-06,3365.122000000001,8609757952
2018-07-09,3459.183,7660154624
2018-07-10,3467.515,6954882304
2018-07-11,3407.5290000000005,7204094976
2018-07-12,3481.055,9635356416
2018-07-13,3492.689000000001,7295589632
2018-07-16,3472.085,6828199936
2018-07-17,3449.377,6198307584
2018-07-18,3431.322,6653032960
2018-07-19,3428.343,6847771648
2018-07-20,3492.893,10198472704
2018-07-23,3525.75,11903662592
2018-07-24,3581.705,15691243520
2018-07-25,3577.752,9675849984
2018-07-26,3536.245,9034964224
2018-07-27,3521.226,7017810432
2018-07-30,3515.079,8211699456
2018-07-31,3517.656,6798081792
2018-08-01,3447.388,9034861824
2018-08-02,3370.9570000000012,10130872832
2018-08-03,3315.283,7079691008
2018-08-06,3273.272,7797508352
2018-08-07,3368.869,9178391552
2018-08-08,3314.507,7928486400
2018-08-09,3397.5290000000005,9195757312
2018-08-10,3405.019,6896729856
2018-08-13,3390.344,7619153152
2018-08-14,3372.913,6065144576
2018-08-15,3291.9759999999997,6817405440
2018-08-16,3276.727000000001,7654736640
2018-08-17,3229.619,6739541248
2018-08-20,3267.249000000001,7090422784
2018-08-21,3326.6479999999997,7520558336
2018-08-22,3307.954,5078705664
2018-08-23,3320.025,6111233536
2018-08-24,3325.334000000001,6376589824
2018-08-27,3406.573,9427008256
2018-08-28,3400.17,7544536320
2018-08-29,3386.573,6702040320
2018-08-30,3351.094,6838529024
2018-08-31,3334.5029999999997,7620562944
2018-09-03,3321.824,6642985472
2018-09-04,3363.8979999999997,6708880640
2018-09-05,3298.141,6430188800
2018-09-06,3262.88,6230028800
2018-09-07,3277.643,6394740736
2018-09-10,3230.0679999999998,6381705216
2018-09-11,3224.211,5849130496
2018-09-12,3202.0240000000013,5462789888
2018-09-13,3236.566,6729032704
2018-09-14,3242.09,6013063936
2018-09-17,3204.922,5225954816
2018-09-18,3269.4309999999996,7042503424
2018-09-19,3312.482,8917066496
2018-09-20,3310.125,6456105728
2018-09-21,3410.485,10841600512
2018-09-25,3379.804,6905469184
2018-09-26,3417.241,9317334272
2018-09-27,3403.59,6976524032
2018-09-28,3438.864,8437775616
2018-10-08,3290.8979999999997,9788898816
2018-10-09,3288.69,6672327424
2018-10-10,3281.597,6449282816
2018-10-11,3124.113,12094134272
2018-10-12,3170.7259999999997,9861115136
2018-10-15,3126.451,6960502272
2018-10-16,3100.973,6888772096
2018-10-17,3118.246,7683713792
2018-10-18,3044.3909999999996,7377196800
2018-10-19,3134.945,9883968768
2018-10-22,3270.2729999999997,14586204416
2018-10-23,3183.425,12101324032
2018-10-24,3188.2009999999996,11090974464
2018-10-25,3194.308,10695181824
2018-10-26,3173.635,10129935360
2018-10-29,3076.888,9183979008
2018-10-30,3110.26,11607010048
2018-10-31,3153.823,11120745472
2018-11-01,3177.033,13265337856
2018-11-02,3290.245,15346610432
2018-11-05,3262.835,10970668288
2018-11-06,3243.15,8386913792
2018-11-07,3221.91,9161552896
2018-11-08,3212.773,7641454080
2018-11-09,3167.4440000000004,8428276224
2018-11-12,3205.14,8806239232
2018-11-13,3237.382,12649346304
2018-11-14,3204.942,11380865792
2018-11-15,3242.3709999999996,9855880960
2018-11-16,3257.673,12687683584
2018-11-19,3294.603,11595659520
2018-11-20,3218.407,10936115456
2018-11-21,3226.491,8411972608
2018-11-22,3214.427,6509829120
2018-11-23,3143.475,8463825408
2018-11-26,3141.243,5937914112
2018-11-27,3137.241,5540783104
2018-11-28,3178.932,7488195584
2018-11-29,3137.6540000000005,8049846528
2018-11-30,3172.69,7092104448
2018-12-03,3260.95,12148715776
2018-12-04,3267.709000000001,7941504000
2018-12-05,3252.0040000000013,7615305216
2018-12-06,3181.673,7632877056
2018-12-07,3181.564000000001,5336192512
2018-12-10,3144.763,6343727360
2018-12-11,3159.815,5322387712
2018-12-12,3170.6090000000013,5330991360
2018-12-13,3219.692,9044275456
2018-12-14,3165.91,8430125056
2018-12-17,3161.196,6649700608
2018-12-18,3128.426,6382031872
2018-12-19,3091.125,5552229888
2018-12-20,3067.416,6974946304
2018-12-21,3029.395,7675810048
2018-12-24,3038.198,5729961472
2018-12-25,3017.281,7868942592
2018-12-26,3002.032,5564703232
2018-12-27,2990.505,8054178560
2018-12-28,3010.653,7105377792
2019-01-03,2964.84,7086710272
2019-01-04,3035.87,10331897088
2019-01-07,3054.30,10116435968
2019-01-08,3047.70,8617058560
2019-01-09,3078.47,10736434944
2019-01-10,3072.69,8527175680
2019-01-11,3094.78,7178642432
2019-01-14,3067.78,6612170240
2019-01-15,3127.99,8877296128
2019-01-16,3128.65,8021434112
2019-01-17,3111.42,8017487104
2019-01-18,3168.17,10396383488
2019-01-21,3185.64,9391502336
2019-01-22,3143.32,7299052800
2019-01-23,3141.05,5987047936
2019-01-24,3158.78,7293463552
2019-01-25,3184.47,8396772864
2019-01-28,3183.78,8262243072
2019-01-29,3193.97,7765833472
2019-01-30,3168.48,6374651648
2019-01-31,3201.63,8624783872
2019-02-01,3247.40,8201964032
2019-02-11,3306.47,9881843456
2019-02-12,3330.34,12223246336
2019-02-13,3397.03,16382833152
2019-02-14,3402.14,15112729088
2019-02-15,3338.70,14366860288
2019-02-18,3445.74,18288609024
2019-02-19,3439.61,17908378624
2019-02-20,3451.93,14739031040
2019-02-21,3442.70,18014328832
2019-02-22,3520.12,18723797504
2019-02-25,3729.48,34255712256
2019-02-26,3684.69,35803869696
2019-02-27,3678.39,28623600640
2019-02-28,3669.37,18481021952
2019-03-01,3749.71,20471100416
2019-03-04,3794.10,32349012736
2019-03-05,3816.01,23085316608
2019-03-06,3848.09,31807737088
2019-03-07,3808.85,32984654848
2019-03-08,3657.58,31799007744
2019-03-11,3729.95,23091286528
2019-03-12,3755.35,27492638208
2019-03-13,3724.19,23368224768
2019-03-14,3698.49,19081723648
2019-03-15,3745.01,17517454336
2019-03-18,3851.75,21692805888
2019-03-19,3833.96,18172710912
2019-03-20,3835.44,17563208960
2019-03-21,3836.89,19631031040
2019-03-22,3833.80,17135699200
2019-03-25,3742.82,19858632960
2019-03-26,3700.44,17304657920
2019-03-27,3743.39,13875845376
2019-03-28,3728.39,13327212800
2019-03-29,3872.34,21563910400
2019-04-01,3973.93,27138270464
2019-04-02,3971.28,22600034048
2019-04-03,4022.16,23191736832
2019-04-04,4062.23,26041093888
2019-04-08,4057.23,26750557696
2019-04-09,4075.43,18295680768
2019-04-10,4085.85,19468761344
2019-04-11,3997.58,16904964096
2019-04-12,3988.62,13586211840
2019-04-15,3975.52,18264557056
2019-04-16,4085.79,20204196608
2019-04-17,4087.24,18036711680
2019-04-18,4072.07,14656212224
2019-04-19,4120.61,15079491072
2019-04-22,4025.61,18935374592
2019-04-23,4019.01,15561165056
2019-04-24,4030.09,14549869568
2019-04-25,3941.82,15972207104
2019-04-26,3889.27,14200806912
2019-04-29,3900.33,15387092736
2019-04-30,3913.21,11623337728
2019-05-06,3684.62,19747288320
2019-05-07,3720.67,13284765440
2019-05-08,3667.46,11286735616
2019-05-09,3599.70,10103739392
2019-05-10,3730.45,14800384768
2019-05-13,3668.72,10339185920
2019-05-14,3645.15,10231345920
2019-05-15,3727.09,11016176896
2019-05-16,3743.96,11625827328
2019-05-17,3648.76,12845324544
2019-05-20,3617.79,10896347648
2019-05-21,3666.78,11102291968
2019-05-22,3649.38,9834612736
2019-05-23,3583.96,9989778176
2019-05-24,3593.91,8093404928
2019-05-27,3637.20,10883087104
2019-05-28,3672.26,11788624128
2019-05-29,3663.91,9335544064
2019-05-30,3641.18,9420256000
2019-05-31,3629.79,8922226688
2019-06-03,3632.01,10072317952
2019-06-04,3598.47,8709709312
2019-06-05,3597.11,8864201984
2019-06-06,3564.68,8553440256
2019-06-10,3610.74,9237506048
2019-06-11,3719.28,14348280576
2019-06-12,3691.09,11917885184
2019-06-13,3685.39,9633171712
2019-06-14,3654.88,10181700352
2019-06-17,3654.82,7297667840
2019-06-18,3667.62,7069226496
2019-06-19,3715.94,12559571456
2019-06-20,3828.52,16887207424
2019-06-21,3833.94,15363515392
2019-06-24,3841.26,10008462080
2019-06-25,3801.31,12407591168
2019-06-26,3794.33,8182028288
2019-06-27,3834.82,10531635712
2019-06-28,3825.59,8476613888
2019-07-01,3935.81,15837033984
2019-07-02,3937.17,13186349568
2019-07-03,3893.53,11199260416
2019-07-04,3873.10,9934225664
2019-07-05,3893.20,7400652800
2019-07-08,3802.79,10953908736
2019-07-09,3793.13,7484273152
2019-07-10,3786.74,7283394816
2019-07-11,3785.22,7531196416
2019-07-12,3808.73,7546596608
2019-07-15,3824.19,10120522240
2019-07-16,3806.84,8073095168
2019-07-17,3804.64,9518388480
2019-07-18,3768.40,8749644544
2019-07-19,3807.95,8808614912
2019-07-22,3781.68,9210137600
2019-07-23,3789.91,7131334656
2019-07-24,3819.83,9094068480
2019-07-25,3851.07,9374041600
2019-07-26,3858.57,8325929984
2019-07-29,3854.27,8481436928
2019-07-30,3870.32,9412395520
2019-07-31,3835.36,8215115520
2019-08-01,3803.47,8411418112
2019-08-02,3747.44,10833589760
2019-08-05,3675.69,10132598016
2019-08-06,3636.33,12983387136
2019-08-07,3621.43,8423871488
2019-08-08,3669.29,8845770752
2019-08-09,3633.53,8529558016
2019-08-12,3699.10,8208305664
2019-08-13,3665.75,7650030336
2019-08-14,3682.40,9120259072
2019-08-15,3694.00,8859883264
2019-08-16,3710.54,8831916800
2019-08-19,3791.09,13932701184
2019-08-20,3787.73,10860208896
2019-08-21,3781.76,8229988096
2019-08-22,3793.51,8580779264
2019-08-23,3820.86,8795458304
2019-08-26,3765.91,9385926912
2019-08-27,3816.95,12473147904
2019-08-28,3802.58,8875081216
2019-08-29,3790.19,8408338688
2019-08-30,3799.59,9669515008
2019-09-02,3848.32,11028934912
2019-09-03,3853.61,9771463168
2019-09-04,3886.00,12662861568
2019-09-05,3925.32,18165623040
2019-09-06,3948.51,12188237568
2019-09-09,3972.95,14680975360
2019-09-10,3959.26,13088938496
2019-09-11,3930.10,13159487488
2019-09-12,3972.38,11024127232
2019-09-16,3957.72,11025980416
2019-09-17,3891.22,11369431808
2019-09-18,3910.08,8205615104
2019-09-19,3924.38,8598423808
2019-09-20,3935.65,10345595392
2019-09-23,3890.66,9403622400
2019-09-24,3901.07,8778322944
2019-09-25,3870.98,8952083456
2019-09-26,3841.14,10269830144
2019-09-27,3852.65,7400394752
2019-09-30,3814.53,6593131264
2019-10-08,3837.68,7665786112
2019-10-09,3843.24,7585451264
2019-10-10,3874.64,7922269440
2019-10-11,3911.72,9341257728
2019-10-14,3953.24,12239361024
2019-10-15,3936.25,8527394816
2019-10-16,3922.68,8322970624
2019-10-17,3925.22,6486374400
2019-10-18,3869.38,8232113920
2019-10-21,3880.84,7418291712
2019-10-22,3895.88,6891856640
2019-10-23,3871.08,7019862528
2019-10-24,3870.67,7133457408
2019-10-25,3896.79,7745361920
2019-10-28,3926.59,9740602112
2019-10-29,3910.23,8225707520
2019-10-30,3891.22,7787292416
2019-10-31,3886.75,8671453952
2019-11-01,3952.39,10068961280
2019-11-04,3978.12,10419385600
2019-11-05,4002.81,11291187968
2019-11-06,3984.88,9731295232
2019-11-07,3991.87,8725489920
2019-11-08,3973.01,9710694912
2019-11-11,3902.98,9415561984
2019-11-12,3903.69,7654306816
2019-11-13,3899.98,7674907904
2019-11-14,3905.86,8700844544
2019-11-15,3877.09,8373091584
2019-11-18,3907.93,7664599296
2019-11-19,3947.04,8216102400
2019-11-20,3907.86,7681533184
