date,portfolio,cash,position_value
2014/1/2,1000000,1000000,0
2014/1/3,1000000,1000000,0
2014/1/6,999972.7395,999015.8017,956.937799
2014/1/7,999972.7395,999972.7395,0
2014/1/8,999972.7395,999972.7395,0
2014/1/9,999972.7395,999972.7395,0
2014/1/10,999972.7395,999972.7395,0
2014/1/13,999972.7395,999972.7395,0
2014/1/14,999972.7395,999972.7395,0
2014/1/15,999972.7395,999972.7395,0
2014/1/16,999972.7395,999972.7395,0
2014/1/17,999967.5105,999010.5988,956.9117124
2014/1/20,999963.8904,999963.8904,0
2014/1/21,999963.8904,999963.8904,0
2014/1/22,999963.8904,999963.8904,0
2014/1/23,1000002.167,999045.2633,956.9032444
2014/1/24,999992.3521,999992.3521,0
2014/1/27,999983.9764,999027.0459,956.9304805
2014/1/28,999983.9764,999983.9764,0
2014/1/29,999996.9831,999040.0606,956.9224654
2014/1/30,999996.9831,999996.9831,0
2014/2/7,999996.9831,999996.9831,0
2014/2/10,999996.9831,999996.9831,0
2014/2/11,999996.9831,999996.9831,0
2014/2/12,1000010.71,998096.8398,1913.869824
2014/2/13,1000003.142,1000003.142,0
2014/2/14,1000016.186,999059.2451,956.9408059
2014/2/17,1000060.294,999103.4252,956.8688636
2014/2/18,1000062.313,1000062.313,0
2014/2/19,1000062.313,1000062.313,0
2014/2/20,1000062.313,1000062.313,0
2014/2/21,1000062.313,1000062.313,0
2014/2/24,1000062.313,1000062.313,0
2014/2/25,1000050.987,999093.9899,956.9974284
2014/2/26,1000053.819,1000053.819,0
2014/2/27,1000053.819,1000053.819,0
2014/2/28,1000053.819,1000053.819,0
2014/3/3,1000053.819,1000053.819,0
2014/3/4,1000053.819,1000053.819,0
2014/3/5,1000053.819,1000053.819,0
2014/3/6,1000053.819,1000053.819,0
2014/3/7,1000053.819,1000053.819,0
2014/3/10,1000053.819,1000053.819,0
2014/3/11,1000053.819,1000053.819,0
2014/3/12,1000053.819,1000053.819,0
2014/3/13,1000053.819,1000053.819,0
2014/3/14,1000053.819,1000053.819,0
2014/3/17,1000098.215,999141.2258,956.9893002
2014/3/18,1000104.792,1000104.792,0
2014/3/19,1000104.792,1000104.792,0
2014/3/20,1000104.792,1000104.792,0
2014/3/21,1000125.242,999168.2038,957.0380788
2014/3/24,1000064.312,998150.3447,1913.967354
2014/3/25,1000025.502,1000025.502,0
2014/3/26,1000025.502,1000025.502,0
2014/3/27,1000025.502,1000025.502,0
2014/3/28,1000025.502,1000025.502,0
2014/3/31,1000018.555,999061.5927,956.9622029
2014/4/1,1000043.945,999087.0659,956.8789375
2014/4/2,1000043.945,1000043.945,0
2014/4/3,1000043.945,1000043.945,0
2014/4/4,1000043.945,1000043.945,0
2014/4/8,1000078.747,996250.8274,3827.919406
2014/4/9,1000082.712,1000082.712,0
2014/4/10,1000082.712,1000082.712,0
2014/4/11,1000108.964,999151.9474,957.0169493
2014/4/14,1000097.031,1000097.031,0
2014/4/15,1000097.031,1000097.031,0
2014/4/16,1000097.031,1000097.031,0
2014/4/17,1000097.031,1000097.031,0
2014/4/18,1000097.031,1000097.031,0
2014/4/21,1000097.031,1000097.031,0
2014/4/22,1000097.031,1000097.031,0
2014/4/23,1000097.031,1000097.031,0
2014/4/24,1000097.031,1000097.031,0
2014/4/25,1000097.031,1000097.031,0
2014/4/28,1000097.031,1000097.031,0
2014/4/29,1000097.031,1000097.031,0
2014/4/30,1000099.576,997228.4842,2871.091956
2014/5/5,1000139.309,997269.0815,2870.227045
2014/5/6,1000108.106,996280.9225,3827.183183
2014/5/7,1000098.86,1000098.86,0
2014/5/8,1000098.86,1000098.86,0
2014/5/9,1000098.86,1000098.86,0
2014/5/12,1000098.86,1000098.86,0
2014/5/13,1000098.86,1000098.86,0
2014/5/14,1000106.248,999149.2154,957.0324017
2014/5/15,1000099.996,1000099.996,0
2014/5/16,1000106.597,999149.5632,957.0334894
2014/5/19,1000106.597,1000106.597,0
2014/5/20,1000106.597,1000106.597,0
2014/5/21,1000106.597,1000106.597,0
2014/5/22,1000110.522,997239.4021,2871.119416
2014/5/23,1000140.23,999183.4429,956.7867391
2014/5/26,1000148.092,999191.0584,957.0337858
2014/5/27,1000130.659,999173.6651,956.9937329
2014/5/28,1000141.983,999184.9778,957.0052242
2014/5/29,1000112.578,999155.5991,956.9784253
2014/5/30,1000112.578,1000112.578,0
2014/6/3,1000112.578,1000112.578,0
2014/6/4,1000112.578,1000112.578,0
2014/6/5,1000112.578,1000112.578,0
2014/6/6,1000108.952,999151.9068,957.0455287
2014/6/9,1000105.327,1000105.327,0
2014/6/10,1000105.327,1000105.327,0
2014/6/11,1000105.327,1000105.327,0
2014/6/12,1000105.327,1000105.327,0
2014/6/13,1000130.31,999173.2715,957.0385906
2014/6/16,1000141.713,999184.7355,956.9775355
2014/6/17,1000138.125,1000138.125,0
2014/6/18,1000138.125,1000138.125,0
2014/6/19,1000103.699,999146.6285,957.0699765
2014/6/20,1000127.449,997256.542,2870.907499
2014/6/23,1000145.4,999188.6166,956.7832697
2014/6/24,1000145.4,1000145.4,0
2014/6/25,1000145.4,1000145.4,0
2014/6/26,1000145.4,1000145.4,0
2014/6/27,1000145.4,1000145.4,0
2014/6/30,1000332.156,998418.0026,1914.153875
2014/7/1,1000363.54,1000363.54,0
2014/7/2,1000378.655,999421.3692,957.2856841
2014/7/3,1000386.857,998472.4514,1914.406091
2014/7/4,1000385.199,998470.9475,1914.251093
2014/7/7,1000388.354,1000388.354,0
2014/7/8,1000388.354,999431.0441,957.3094293
2014/7/9,1000391.847,1000391.847,0
2014/7/10,1000394.883,998480.2573,1914.625545
2014/7/11,1000406.524,999449.3419,957.1815856
2014/7/14,1000405.491,1000405.491,0
2014/7/15,1000405.491,1000405.491,0
2014/7/16,1000405.491,1000405.491,0
2014/7/17,1000405.491,1000405.491,0
2014/7/18,1000400.936,999443.6106,957.3258287
2014/7/21,1000403.322,1000403.322,0
2014/7/22,1000403.322,1000403.322,0
2014/7/23,1000403.322,1000403.322,0
2014/7/24,1000410.715,999453.3908,957.3237532
2014/7/25,1000424.468,999467.2288,957.2392174
2014/7/28,1000426.961,1000426.961,0
2014/7/29,1000437.645,999480.2991,957.346374
2014/7/30,1000435.509,1000435.509,0
2014/7/31,1000483.388,997611.3245,2872.063661
2014/8/1,1000459.232,1000459.232,0
2014/8/4,1000459.232,1000459.232,0
2014/8/5,1000459.232,1000459.232,0
2014/8/6,1000466.022,999508.645,957.3772558
2014/8/7,1000459.232,1000459.232,0
2014/8/8,1000459.232,1000459.232,0
2014/8/11,1000514.333,999556.9559,957.3772558
2014/8/12,1000510.771,999553.3996,957.3709944
2014/8/13,1000505.474,997633.5271,2871.946707
2014/8/14,1000487.581,999530.4441,957.1367446
2014/8/15,1000509.157,998594.5219,1914.635004
2014/8/18,1000515.162,1000515.162,0
2014/8/19,1000521.781,998606.9197,1914.861553
2014/8/20,1000517.729,1000517.729,0
2014/8/21,1000517.729,1000517.729,0
2014/8/22,1000517.729,1000517.729,0
2014/8/25,1000509.604,999552.1707,957.4332337
2014/8/26,1000508.25,1000508.25,0
2014/8/27,1000488.441,999531.0167,957.4241624
2014/8/28,1000484.246,998569.594,1914.651817
2014/8/29,1000531.918,999574.6822,957.2359756
2014/9/1,1000553.818,999596.4684,957.3491579
2014/9/2,1000559.59,1000559.59,0
2014/9/3,1000579.152,999621.6788,957.4732915
2014/9/4,1000575.892,1000575.892,0
2014/9/5,1000575.892,1000575.892,0
2014/9/9,1000588.675,998673.6969,1914.977783
2014/9/10,1000585.518,1000585.518,0
2014/9/11,1000674.695,998759.6983,1914.996207
2014/9/12,1000678.191,998763.3591,1914.832117
2014/9/15,1000675.282,1000675.282,0
2014/9/16,1000675.282,1000675.282,0
2014/9/17,1000675.282,1000675.282,0
2014/9/18,1000648.047,999690.4631,957.5840021
2014/9/19,1000643.69,1000643.69,0
2014/9/22,1000643.69,1000643.69,0
2014/9/23,1000643.69,1000643.69,0
2014/9/24,1000643.69,1000643.69,0
2014/9/25,1000643.69,1000643.69,0
2014/9/26,1000643.69,1000643.69,0
2014/9/29,1000650.243,999692.6887,957.5537699
2014/9/30,1000654.338,1000654.338,0
2014/10/8,1000709.154,997836.4624,2872.69188
2014/10/9,1000705.481,1000705.481,0
2014/10/10,1000705.481,1000705.481,0
2014/10/13,1000705.481,1000705.481,0
2014/10/14,1000705.481,1000705.481,0
2014/10/15,1000706.824,998791.5983,1915.225802
2014/10/16,1000699.72,1000699.72,0
2014/10/17,1000713.423,999755.8159,957.6073877
2014/10/20,1000719.066,1000719.066,0
2014/10/21,1000719.066,1000719.066,0
2014/10/22,1000721.713,999764.0871,957.6259002
2014/10/23,1000710.462,1000710.462,0
2014/10/24,1000710.462,1000710.462,0
2014/10/27,1000699.947,999742.3291,957.6176673
2014/10/28,1000715.436,999757.8981,957.5383058
2014/10/29,1000834.757,996047.0731,4787.684302
2014/10/30,1000800.162,1000800.162,0
2014/10/31,1000800.162,1000800.162,0
2014/11/3,1000800.162,1000800.162,0
2014/11/4,1000800.162,1000800.162,0
2014/11/5,1000830.311,998914.9041,1915.407008
2014/11/6,1000816.548,999858.9874,957.5606642
2014/11/7,1000823.798,1000823.798,0
2014/11/10,1000796.372,998880.9194,1915.452245
2014/11/11,1000804.153,1000804.153,0
2014/11/12,1000804.153,1000804.153,0
2014/11/13,1000804.153,1000804.153,0
2014/11/14,1000833.901,998918.4863,1915.414648
2014/11/17,1000845.949,999888.3864,957.5630107
2014/11/18,1000909.356,998994.005,1915.350881
2014/11/19,1000903.323,1000903.323,0
2014/11/20,1000895.997,999938.195,957.8022232
2014/11/21,1000895.36,999937.644,957.716176
2014/11/24,1000894.297,999936.5927,957.7047684
2014/11/25,1000894.297,1000894.297,0
2014/11/26,1000894.297,1000894.297,0
2014/11/27,1000894.297,1000894.297,0
2014/11/28,1000915.091,999957.2972,957.7935861
2014/12/1,1000918.99,1000918.99,0
2014/12/2,1000883.272,998967.6378,1915.63443
2014/12/3,1000888.183,1000888.183,0
2014/12/4,1000888.183,1000888.183,0
2014/12/5,1000888.183,1000888.183,0
2014/12/8,1000888.183,1000888.183,0
2014/12/9,1000820.122,999862.3345,957.7877345
2014/12/10,1000827.346,1000827.346,0
2014/12/11,1000827.346,1000827.346,0
2014/12/12,1000827.346,1000827.346,0
2014/12/15,1000845.764,999888.0348,957.7295182
2014/12/16,1000823.546,999865.8922,957.6537317
2014/12/17,1000823.546,1000823.546,0
2014/12/18,1000823.546,1000823.546,0
2014/12/19,1000789.69,999831.964,957.7258813
2014/12/22,1000787.395,1000787.395,0
2014/12/23,1000756.708,999799.0171,957.6912866
2014/12/24,1000790.963,1000790.963,0
2014/12/25,1000808.425,999850.7307,957.6947011
2014/12/26,1000809.345,1000809.345,0
2014/12/29,1000809.345,1000809.345,0
2014/12/30,1000809.345,1000809.345,0
2014/12/31,1000809.345,1000809.345,0
2015/1/5,1000794.304,999836.5913,957.7122914
2015/1/6,1000833.838,999876.2036,957.6346933
2015/1/7,1000839.406,999881.7723,957.6339726
2015/1/8,1000823.434,999865.7831,957.6508083
2015/1/9,1000829.831,999872.2043,957.6268822
2015/1/12,1000856.353,998941.1252,1915.227717
2015/1/13,1000909.201,999951.5631,957.6375258
2015/1/14,1000909.201,1000909.201,0
2015/1/15,1000909.201,1000909.201,0
2015/1/16,1000909.201,1000909.201,0
2015/1/19,1000755.543,995008.696,5746.847085
2015/1/20,1000785.566,1000785.566,0
2015/1/21,1000793.812,999836.122,957.6895366
2015/1/22,1000795.579,1000795.579,0
2015/1/23,1000795.579,1000795.579,0
2015/1/26,1000863.685,998948.2869,1915.398236
2015/1/27,1000879.773,1000879.773,0
2015/1/28,1000937.394,996148.4955,4788.898435
2015/1/29,1000904.993,1000904.993,0
2015/1/30,1000881.048,999923.2446,957.8038215
2015/2/2,1000777.78,997904.7798,2873.000263
2015/2/3,1000806.554,999849.1078,957.4458569
2015/2/4,1000801.967,999844.363,957.604023
2015/2/5,1000798.676,1000798.676,0
2015/2/6,1000798.676,1000798.676,0
2015/2/9,1000698.719,997825.6131,2873.106248
2015/2/10,1000699.952,1000699.952,0
2015/2/11,1000717.402,999759.7946,957.6076098
2015/2/12,1000716.251,999758.7042,957.5463817
2015/2/13,1000724.435,999766.8743,957.5606289
2015/2/16,1000752.795,999795.194,957.6014338
2015/2/17,1000753.512,1000753.512,0
2015/2/25,1000753.512,1000753.512,0
2015/2/26,1000753.512,1000753.512,0
2015/2/27,1000744.329,999786.6696,957.6588634
2015/3/2,1000750.961,1000750.961,0
2015/3/3,1000750.961,1000750.961,0
2015/3/4,1000770.69,998855.3776,1915.312844
2015/3/5,1000778.193,1000778.193,0
2015/3/6,1000778.193,1000778.193,0
2015/3/9,1000798.964,999841.2817,957.6824809
2015/3/10,1000795.138,1000795.138,0
2015/3/11,1000795.138,1000795.138,0
2015/3/12,1000795.138,1000795.138,0
2015/3/13,1000795.138,1000795.138,0
2015/3/16,1000795.138,1000795.138,0
2015/3/17,1000830.321,999872.622,957.6986965
2015/3/18,1000825.619,999867.9825,957.6367081
2015/3/19,1000834.977,1000834.977,0
2015/3/20,1000834.716,999876.9787,957.7368203
2015/3/23,1000878.112,998962.7882,1915.324106
2015/3/24,1000864.924,1000864.924,0
2015/3/25,1000864.924,999907.1587,957.7654777
2015/3/26,1000861.265,1000861.265,0
2015/3/27,1000861.265,1000861.265,0
2015/3/30,1000868.371,999910.6086,957.7619762
2015/3/31,1000868.371,1000868.371,0
2015/4/1,1000868.371,1000868.371,0
2015/4/2,1000898.168,999940.399,957.7687757
2015/4/3,1000898.59,999940.869,957.7210349
2015/4/7,1000906.19,1000906.19,0
2015/4/8,1000906.19,1000906.19,0
2015/4/9,1000985.928,999070.3184,1915.609933
2015/4/10,1001002.425,1000044.64,957.7852952
2015/4/13,1001088.564,999172.9071,1915.656455
2015/4/14,1001047.162,999131.5825,1915.579377
2015/4/15,1000819.027,997945.7622,2873.264812
2015/4/16,1000851.796,998936.9145,1914.881409
2015/4/17,1000819.966,999862.43,957.5359657
2015/4/20,1000783.668,1000783.668,0
2015/4/21,1000833.682,999875.9947,957.6877204
2015/4/22,1000834.053,1000834.053,0
2015/4/23,1000820.774,997947.5662,2873.207807
2015/4/24,1000793.039,998878.1415,1914.89777
2015/4/27,1000792.446,1000792.446,0
2015/4/28,1000782.86,999825.1634,957.6961207
2015/4/29,1000850.717,997977.8398,2872.87755
2015/4/30,1000875.624,998003.0529,2872.571476
2015/5/4,1000891.89,999934.4195,957.4706638
2015/5/5,1000800.099,998884.7928,1915.305773
2015/5/6,1000875.731,999918.2601,957.4707611
2015/5/7,1000791.526,999833.8647,957.6609454
2015/5/8,1000859.864,998944.5804,1915.283329
2015/5/11,1000866.125,999908.4769,957.6485153
2015/5/12,1000858.084,1000858.084,0
2015/5/13,1000858.084,1000858.084,0
2015/5/14,1000858.084,1000858.084,0
2015/5/15,1000906.583,998033.3063,2873.276795
2015/5/18,1000904.131,1000904.131,0
2015/5/19,1000904.131,1000904.131,0
2015/5/20,1000966.487,1000008.684,957.8029962
2015/5/21,1001016.51,999100.9769,1915.532921
2015/5/22,1001012.241,999096.5856,1915.655828
2015/5/25,1000990.814,1000990.814,0
2015/5/26,1001073.419,999157.6468,1915.771893
2015/5/27,1001106.998,1000149.251,957.7472788
2015/5/28,1001092.218,1000134.292,957.9259174
2015/5/29,1001088.227,1001088.227,0
2015/6/1,1001123.415,1000165.436,957.9791643
2015/6/2,1001298.725,999382.7192,1916.006184
2015/6/3,1001321.086,1001321.086,0
2015/6/4,1001321.086,1001321.086,0
2015/6/5,1001321.086,1001321.086,0
2015/6/8,1001172.217,997339.4088,3832.807986
2015/6/9,1001132.342,1000174.14,958.2019965
2015/6/10,1001252.088,998378.027,2874.061368
2015/6/11,1001196.854,1001196.854,0
2015/6/12,1001196.854,1001196.854,0
2015/6/15,1001232.177,999316.0108,1916.166227
2015/6/16,1001281.362,1000323.442,957.919915
2015/6/17,1001255.145,1001255.145,0
2015/6/18,1001255.145,1001255.145,0
2015/6/19,1001083.532,998209.1152,2874.416683
2015/6/23,1001114.591,1000156.88,957.710692
2015/6/24,1001165.064,998291.4033,2873.660555
2015/6/25,1001172.986,1001172.986,0
2015/6/26,1001094.777,1000136.716,958.0602734
2015/6/29,1001118.239,1001118.239,0
2015/6/30,1001207.58,1000249.572,958.0078846
2015/7/1,1001093.194,1000135.275,957.9192343
2015/7/2,1000992.955,1000035.146,957.8097506
2015/7/3,1000945.818,999988.1041,957.7138778
2015/7/6,1001039.942,1001039.942,0
2015/7/7,1001031.951,998158.1525,2873.798877
2015/7/8,1000839.797,997200.6677,3639.129405
2015/7/9,1000753.419,998837.8621,1915.557332
2015/7/10,1000842.225,999884.2916,957.9329591
2015/7/13,1001076.75,998107.062,2969.687526
2015/7/14,1001149.013,999989.6686,1159.344504
2015/7/15,1001035.702,999119.8936,1915.808781
2015/7/16,1001025.862,998152.5145,2873.347473
2015/7/17,1001045.623,1001045.623,0
2015/7/20,1001045.623,1000087.684,957.9383951
2015/7/21,1001132.118,1000174.271,957.8477349
2015/7/22,1001143.267,1001143.267,0
2015/7/23,1001159.259,999243.195,1916.063669
2015/7/24,1001203.153,999287.5095,1915.643576
2015/7/27,1000670.477,994066.4467,6604.029804
2015/7/28,1000687.885,991335.6021,9352.28272
2015/7/29,1001402.473,989858.3582,11544.11477
2015/7/30,1001243.631,994421.3539,6822.27757
2015/7/31,1000891.61,996248.2021,4643.407968
2015/8/3,1000585.59,995227.0507,5358.538944
2015/8/4,1000960.909,996241.0255,4719.883345
2015/8/5,1000892.298,992427.5038,8464.79423
2015/8/6,1000622.617,997062.3356,3560.281609
2015/8/7,1000705.15,999747.8377,957.3126063
2015/8/10,1000824.536,998909.4075,1915.12808
2015/8/11,1000924.762,999967.1964,957.5652127
2015/8/12,1000963.402,1000963.402,0
2015/8/13,1000999.662,1000041.802,957.8597151
2015/8/14,1000961.624,999045.9857,1915.637774
2015/8/17,1000982.934,1000025.207,957.7269185
2015/8/18,1000982.934,1000982.934,0
2015/8/19,1001166.827,998293.1918,2873.635217
2015/8/20,1000939.426,996150.9032,4788.522751
2015/8/21,1000818.491,1000818.491,0
2015/8/24,1000758.344,999800.6228,957.7210436
2015/8/25,1000631.883,996801.9261,3829.957196
2015/8/26,1000603.954,998689.7902,1914.163424
2015/8/27,1000723.969,997851.6225,2872.34633
2015/8/28,1000881.549,998966.4397,1915.109571
2015/8/31,1000771.393,999813.9014,957.4916235
2015/9/1,1000671.096,998756.0929,1915.003253
2015/9/2,1000658.761,997786.7636,2871.997065
2015/9/7,1000590.388,997718.6652,2871.72277
2015/9/8,1000585.187,999627.8786,957.3085105
2015/9/9,1000591.612,1000591.612,0
2015/9/10,1000591.612,1000591.612,0
2015/9/11,1000592.574,999635.0704,957.5039349
2015/9/14,1000488.926,999531.5946,957.3311786
2015/9/15,1000448.803,999491.5149,957.2884177
2015/9/16,1000461.443,1000461.443,0
2015/9/17,1000452.291,998537.5325,1914.758742
2015/9/18,1000466.683,1000466.683,0
2015/9/21,1000818.375,995074.069,5744.306312
2015/9/22,1000837.053,996051.0089,4786.04411
2015/9/23,1000703.136,997831.2308,2871.904909
2015/9/24,1000741.311,999783.9281,957.3828071
2015/9/25,1000746.739,998831.786,1914.953119
2015/9/28,1000734.72,999777.2283,957.4913857
2015/9/29,1000676.031,998760.9833,1915.047289
2015/9/30,1000668.822,999711.4151,957.4070367
2015/10/8,1000735.369,997862.7916,2872.577764
2015/10/9,1000808.485,997936.2059,2872.278983
2015/10/12,1000923.848,999008.6936,1915.154822
2015/10/13,1000907.268,1000907.268,0
2015/10/14,1000949.291,999991.4845,957.8059977
2015/10/15,1000901.631,999943.8693,957.7613836
2015/10/16,1000892.58,1000892.58,0
2015/10/19,1000892.58,1000892.58,0
2015/10/20,1000892.58,1000892.58,0
2015/10/21,1000793.906,999836.1145,957.7919429
2015/10/22,1001089.537,994385.7187,6703.818086
2015/10/23,1001200.936,998328.1268,2872.809687
2015/10/26,1001166.569,1001166.569,0
2015/10/27,1001166.569,1001166.569,0
2015/10/28,1001158.192,1000200.138,958.0541329
2015/10/29,1001168.139,1001168.139,0
2015/10/30,1001168.139,1001168.139,0
2015/11/2,1001168.139,1001168.139,0
2015/11/3,1001168.139,1001168.139,0
2015/11/4,1001210.15,1000252.095,958.0556358
2015/11/5,1001230.864,998356.8041,2874.060127
2015/11/6,1001252.76,1000294.818,957.9419828
2015/11/9,1001346.419,998472.1879,2874.231551
2015/11/10,1001292.472,1000334.488,957.9839744
2015/11/11,1001356.836,997524.4642,3832.371824
2015/11/12,1001350.264,1000392.436,957.8280424
2015/11/13,1001333.736,1001333.736,0
2015/11/16,1001354.667,1000396.453,958.2141017
2015/11/17,1001303.987,1000345.866,958.1212284
2015/11/18,1001222.377,998348.207,2874.170151
2015/11/19,1001396.567,993732.7976,7663.769083
2015/11/20,1001434.886,1000477.273,957.6130699
2015/11/23,1001464.479,996673.4267,4791.05192
2015/11/24,1001443.059,1001443.059,0
2015/11/25,1001442.46,1000484.141,958.3187164
2015/11/26,1001423.496,1000465.288,958.2078678
2015/11/27,1001246.541,999330.289,1916.251553
2015/11/30,1001230.412,998356.5466,2873.865756
2015/12/1,1001236.285,1001236.285,0
2015/12/2,1001187.6,998313.2379,2874.36254
2015/12/3,1001364.469,995616.9685,5747.500918
2015/12/4,1001311.351,1001311.351,0
2015/12/7,1001339.575,997506.8041,3832.770721
2015/12/8,1001351.555,999435.8844,1915.670381
2015/12/9,1001409.796,1000451.718,958.0780919
2015/12/10,1001375.722,998501.0788,2874.643201
2015/12/11,1001385.55,1000427.588,957.9620324
2015/12/14,1001433.543,999503.7666,1929.77661
2015/12/15,1001452.873,999526.7419,1926.130657
2015/12/16,1001446.404,998567.1214,2879.282134
2015/12/17,1001468.745,1000484.948,983.7970387
2015/12/18,1001459.428,999507.8955,1951.532905
2015/12/21,1001537.411,997629.5661,3907.845386
2015/12/22,1001597.571,996737.4767,4860.094296
2015/12/23,1001470.9,997562.1664,3908.733315
2015/12/24,1001332.277,993615.0017,7717.275181
2015/12/25,1001354.068,999371.2225,1982.845521
2015/12/28,1001204.094,997334.4576,3869.636413
2015/12/29,1001310.641,996473.35,4837.290791
2015/12/30,1001379.783,997488.5215,3891.261126
2015/12/31,1001332.347,997432.698,3899.649106
2016/1/4,1001239.469,1000292.874,946.5946297
2016/1/5,1001263.237,1000292.874,970.3628354
2016/1/6,1001295.041,999359.7093,1935.331399
2016/1/7,1000794.604,995079.2083,5715.395421
2016/1/8,1000903.486,998047.6255,2855.860364
2016/1/11,1000827.834,998913.1572,1914.676895
2016/1/12,1000839.743,999882.1366,957.6063257
2016/1/13,1000723.703,998808.4988,1915.204515
2016/1/14,1000843.019,997013.1365,3829.882573
2016/1/15,1000821.81,1000821.81,0
2016/1/18,1000873.88,998958.4314,1915.448441
2016/1/19,1000904.453,999946.8138,957.6388995
2016/1/20,1000839.511,997008.7032,3830.808315
2016/1/21,1000661.577,998747.2418,1914.335057
2016/1/22,1000690.796,999733.4078,957.3884995
2016/1/25,1000723.638,997851.0655,2872.572586
2016/1/26,1000661.036,1000661.036,0
2016/1/27,1000661.036,1000661.036,0
2016/1/28,1000638.321,998723.1802,1915.14074
2016/1/29,1000627.566,1000627.566,0
2016/2/1,1000627.566,1000627.566,0
2016/2/2,1000662.05,999704.5114,957.5383402
2016/2/3,1000817.575,995072.6511,5744.923839
2016/2/4,1000858.694,998944.0952,1914.599029
2016/2/5,1000831.231,999873.6595,957.5711291
2016/2/15,1001018.011,996229.8756,4788.135147
2016/2/16,1001040.523,1001040.523,0
2016/2/17,1001040.523,1001040.523,0
2016/2/18,1001040.523,1001040.523,0
2016/2/19,1001051.416,1000093.482,957.9335145
2016/2/22,1001064.513,1000106.654,957.8583404
2016/2/23,1001061.906,1001061.906,0
2016/2/24,1001061.906,1001061.906,0
2016/2/25,1000667.007,996835.191,3831.815909
2016/2/26,1000705.611,999748.4298,957.1810483
2016/2/29,1000390.244,996560.3735,3829.870764
2016/3/1,1000363.978,1000363.978,0
2016/3/2,1000363.978,1000363.978,0
2016/3/3,1000363.978,1000363.978,0
2016/3/4,1000305.611,999348.3252,957.2861037
2016/3/7,1000320.78,1000320.78,0
2016/3/8,1000331.328,999374.0835,957.2447657
2016/3/9,1000335.231,998420.9253,1914.305317
2016/3/10,1000287.166,999330.1586,957.0069423
2016/3/11,1000302.781,998388.5393,1914.242038
2016/3/14,1000513.58,994771.14,5742.439803
2016/3/15,1000483.952,997613.4347,2870.516934
2016/3/16,1000447.545,999490.4275,957.1175344
2016/3/17,1000524.178,997652.2382,2871.940262
2016/3/18,1000671.826,997800.0908,2871.735446
2016/3/21,1000713.828,997841.9213,2871.906571
2016/3/22,1000678.851,998764.2941,1914.557155
2016/3/23,1000723.569,996894.0788,3829.490116
2016/3/24,1000662.37,998747.9488,1914.421167
2016/3/25,1000657.793,999700.5482,957.2451485
2016/3/28,1000657.793,999700.5482,957.2451485
2016/3/29,1000585.994,997713.7972,2872.196476
2016/3/30,1000608.158,999650.9124,957.2451485
2016/3/31,1000610.925,998696.2514,1914.673314
2016/4/1,1000610.425,998695.8587,1914.566468
2016/4/5,1000670.528,998755.9252,1914.603077
2016/4/6,1000652.491,998737.8353,1914.65614
2016/4/7,1000620.152,998705.533,1914.618654
2016/4/8,1000624.057,998709.4766,1914.580459
2016/4/11,1000632.005,997760.009,2871.995632
2016/4/12,1000637.732,998723.2599,1914.47243
2016/4/13,1000639.208,997767.2208,2871.987185
2016/4/14,1000658.127,998743.6067,1914.520337
2016/4/15,1000658.884,998744.222,1914.662425
2016/4/18,1000628.503,997756.546,2871.957102
2016/4/19,1000643.889,999686.6442,957.2451485
2016/4/20,1000485.727,997613.557,2872.169866
2016/4/21,1000450.725,998536.3569,1914.368198
2016/4/22,1000449.941,999492.6957,957.2451485
2016/4/25,1000428.77,997556.9713,2871.798673
2016/4/26,1000426.404,999469.1588,957.2451485
2016/4/27,1000426.404,999469.1588,957.2451485
2016/4/28,1000426.404,999469.1588,957.2451485
2016/4/29,1000395.577,995609.3145,4786.262103
2016/5/3,1000525.015,994782.8807,5742.134481
2016/5/4,1000502.113,998587.9943,1914.118402
2016/5/5,1000526.209,997654.4697,2871.73919
2016/5/6,1000373.892,995588.2853,4785.606887
2016/5/9,1000280.215,996452.9501,3827.264542
2016/5/10,1000284.377,996456.585,3827.792003
2016/5/11,1000249.923,996422.16,3827.762965
2016/5/12,1000371.711,993673.5525,6698.158053
2016/5/13,1000332.798,995549.2105,4783.587501
2016/5/16,1000348.241,998434.1094,1914.131158
2016/5/17,1000359.993,997488.5616,2871.431459
2016/5/18,1000042.236,987601.9468,12440.28875
2016/5/19,1000076.553,990515.5505,9561.002626
2016/5/20,1000098.23,994360.1315,5738.098469
2016/5/23,1000115.838,993419.5077,6696.329911
2016/5/24,1000139.607,996313.1615,3826.445168
2016/5/25,1000116.104,996288.9375,3827.166592
2016/5/26,1000106.813,994366.2698,5740.542732
2016/5/27,1000136.794,996310.0886,3826.705815
2016/5/30,1000106.018,994365.5089,5740.508653
2016/5/31,1000146.974,997276.5328,2870.440818
2016/6/1,1000177.651,997307.082,2870.56906
2016/6/2,1000180.135,996352.5652,3827.570089
2016/6/3,1000209.985,996382.6563,3827.328513
2016/6/6,1000245.183,991634.1799,8611.003077
2016/6/7,1000324.046,993531.6261,6792.419394
2016/6/8,1000422.96,996393.9754,4028.984231
2016/6/13,1000313.401,997442.4427,2870.958475
2016/6/14,1000291.314,998377.1109,1914.203095
2016/6/15,1000402.055,997530.7053,2871.349316
2016/6/16,1000398.552,999441.3067,957.2451485
2016/6/17,1000398.552,999441.3067,957.2451485
2016/6/20,1000382.167,997510.4663,2871.70032
2016/6/21,1000396.226,999438.9804,957.2451485
2016/6/22,1000396.226,999438.9804,957.2451485
2016/6/23,1000401.211,998486.7406,1914.470508
2016/6/24,1000412.942,998498.567,1914.374554
2016/6/27,1000627.326,994884.1049,5743.22141
2016/6/28,1000613.851,999656.6057,957.2451485
2016/6/29,1000583.795,997711.683,2872.112376
2016/6/30,1000560.467,996731.5613,3828.905321
2016/7/1,1000477.219,995691.5794,4785.639998
2016/7/4,1000679.178,993980.1125,6699.065522
2016/7/5,1000736.454,998726.5877,2009.866239
2016/7/6,1000841.243,999683.139,1158.103771
2016/7/7,1000910.809,999953.0769,957.7317337
2016/7/8,1000913.02,1000913.02,0
2016/7/11,1000843.26,996054.2022,4789.057514
2016/7/12,1000860.918,999903.4966,957.4215565
2016/7/13,1000865.996,999908.3123,957.6837424
2016/7/14,1000937.936,999022.5541,1915.381733
2016/7/15,1000895.174,997064.6074,3830.566837
2016/7/18,1000923.942,999009.0458,1914.896635
2016/7/19,1000920.981,1000920.981,0
2016/7/20,1000931.552,999973.7329,957.8191205
2016/7/21,1000970.177,999054.7546,1915.422483
2016/7/22,1000974.12,1000974.12,0
2016/7/25,1000985.639,998112.0288,2873.609912
2016/7/26,1000958.42,1000000.79,957.6293947
2016/7/27,1000856.149,997983.1064,2873.042753
2016/7/28,1000842.73,1000842.73,0
2016/7/29,1000842.73,1000842.73,0
2016/8/1,1000842.73,1000842.73,0
2016/8/2,1000834.338,998918.8493,1915.488479
2016/8/3,1000836.611,1000836.611,0
2016/8/4,1000836.611,1000836.611,0
2016/8/5,1000833.647,997960.4322,2873.215151
2016/8/8,1000934.924,998062.475,2872.449209
2016/8/9,1000932.394,999974.8245,957.5697944
2016/8/10,1000907.946,997076.9177,3831.028608
2016/8/11,1000885.4,998970.6456,1914.754645
2016/8/12,1000895.548,999937.9345,957.6135317
2016/8/15,1000953.815,999038.3605,1915.45464
2016/8/16,1000969.604,1000011.938,957.6669671
2016/8/17,1000954.546,999996.7932,957.7528792
2016/8/18,1000950.823,1000950.823,0
2016/8/19,1000935.103,999977.2558,957.8476775
2016/8/22,1000879.804,992259.9651,8619.839357
2016/8/23,1000875.008,996090.5252,4784.482762
2016/8/24,1000905.01,991331.9792,9573.031194
2016/8/25,1000793.727,999836.939,956.7884245
2016/8/26,1000796.481,1000796.481,0
2016/8/29,1000892.944,993231.3445,7661.599853
2016/8/30,1000877.282,1000877.282,0
2016/8/31,1000877.282,1000877.282,0
2016/9/1,1000877.282,1000877.282,0
2016/9/2,1000908.178,999950.4005,957.7773032
2016/9/5,1000877.781,999919.9853,957.7955969
2016/9/6,1000873.289,1000873.289,0
2016/9/7,1000864.333,998948.7864,1915.546964
2016/9/8,1000856.371,997025.9968,3830.374594
2016/9/9,1000806.626,997934.5882,2872.038029
2016/9/12,1000692.13,998777.349,1914.780671
2016/9/13,1000710.818,999753.3904,957.4271238
2016/9/14,1000705.271,997832.7293,2872.541855
2016/9/19,1000742.04,997869.8917,2872.148366
2016/9/20,1000746.294,998831.5657,1914.727891
2016/9/21,1000752.419,999794.9109,957.5078313
2016/9/22,1000736.6,997863.9019,2872.698568
2016/9/23,1000734.722,994990.3488,5744.373447
2016/9/26,1000732.168,998818.2209,1913.94688
2016/9/27,1000795.291,998880.3316,1914.959422
2016/9/28,1000776.941,998862.011,1914.930249
2016/9/29,1000858.971,997028.9785,3829.992263
2016/9/30,1000964.23,993304.8784,7659.351551
2016/10/10,1001047.171,997218.0355,3829.13546
2016/10/11,1001067.563,998194.6508,2872.912692
2016/10/12,1001039.264,999123.8649,1915.399311
2016/10/13,1001011.179,998137.9709,2873.208058
2016/10/14,1000987.055,997156.4631,3830.592044
2016/10/17,1000883.146,996095.7274,4787.418461
2016/10/18,1000874.725,1000874.725,0
2016/10/19,1000866.259,998950.7094,1915.549713
2016/10/20,1000863.231,1000863.231,0
2016/10/21,1000857.471,997984.1794,2873.291572
2016/10/24,1000868.105,999910.5667,957.5379095
2016/10/25,1000867.191,1000867.191,0
2016/10/26,1000868.948,999911.1806,957.7676468
2016/10/27,1000880.597,998965.2459,1915.350812
2016/10/28,1000862.208,998947.044,1915.16349
2016/10/31,1000869.259,997038.8922,3830.366752
2016/11/1,1000864.128,1000864.128,0
2016/11/2,1000829.687,997956.3932,2873.294146
2016/11/3,1000872.301,998957.3988,1914.902249
2016/11/4,1000889.731,997059.412,3830.318829
2016/11/7,1000854.796,998940.0106,1914.785564
2016/11/8,1000856.571,999899.0107,957.5606557
2016/11/9,1000872.21,999914.5627,957.64722
2016/11/10,1000890.881,998975.3546,1915.526571
2016/11/11,1000870.027,997997.1436,2872.88344
2016/11/14,1000858.431,997985.9224,2872.50859
2016/11/15,1000868.908,998953.8969,1915.011256
2016/11/16,1000850.541,998935.3284,1915.212227
2016/11/17,1000809.008,997936.2999,2872.707933
2016/11/18,1000823.833,996994.0542,3829.779025
2016/11/21,1000787.889,998873.1511,1914.737597
2016/11/22,1000816.264,997943.6121,2872.65198
2016/11/23,1000836.858,997964.6029,2872.255164
2016/11/24,1000816.724,998901.8532,1914.87112
2016/11/25,1000804.13,999846.5957,957.5347592
2016/11/28,1000772.654,998857.4614,1915.192248
2016/11/29,1000759.667,998844.6931,1914.973724
2016/11/30,1000807.459,996977.5309,3829.927695
2016/12/1,1000818.432,998903.72,1914.711617
2016/12/2,1000769.83,997918.5006,2851.329612
2016/12/5,1000775.979,996978.0634,3797.915395
2016/12/6,1000786.809,999865.6636,921.1458563
2016/12/7,1000832.451,994166.034,6666.417189
2016/12/8,1000798.935,996054.5396,4744.39489
2016/12/9,1000827.714,997028.3485,3799.365104
2016/12/12,1000788.915,998902.4847,1886.430614
2016/12/13,1000808.963,996052.1496,4756.813409
2016/12/14,1000800.987,998914.5136,1886.473364
2016/12/15,1000807.849,997007.6586,3800.190338
2016/12/16,1000871.677,998028.5426,2843.134775
2016/12/19,1000847.682,998004.3366,2843.345518
2016/12/20,1000855.838,995142.4373,5713.400253
2016/12/21,1000903.55,993278.4278,7625.122516
2016/12/22,1000916.605,999030.3824,1886.22275
2016/12/23,1000898.641,998055.0994,2843.541219
2016/12/26,1000971.549,997204.0335,3767.515779
2016/12/27,1000989.862,998178.1677,2811.694742
2016/12/28,1000963.677,998157.134,2806.542879
2016/12/29,1000945.082,998072.3743,2872.708101
2016/12/30,1000936.399,999021.2115,1915.187867
2017/1/3,1000992.274,998119.2887,2872.985158
2017/1/4,1001006.274,1000048.624,957.6499959
2017/1/5,1001025.768,997194.5483,3831.219392
2017/1/6,1000996.91,996209.2888,4787.620867
2017/1/9,1001013.593,999098.6347,1914.958002
2017/1/10,1001016.635,997185.8046,3830.830794
2017/1/11,1000983.414,1000025.881,957.533159
2017/1/12,1000990.643,999075.1029,1915.539929
2017/1/13,1000974.502,999059.1836,1915.318172
2017/1/16,1000725.653,994979.7409,5745.91181
2017/1/17,1000675.975,1000675.975,0
2017/1/18,1000675.975,1000675.975,0
2017/1/19,1000657.199,999699.6141,957.584665
2017/1/20,1000750.376,996920.4069,3829.969246
2017/1/23,1000798.822,997926.7556,2872.066402
2017/1/24,1000766.749,996937.1091,3829.639734
2017/1/25,1000768.347,998853.7591,1914.588124
2017/1/26,1000774.25,999816.741,957.508716
2017/2/3,1000768.383,999810.7943,957.5891988
2017/2/6,1000828.696,996040.7493,4787.946538
2017/2/7,1000830.499,997008.5121,3821.986805
2017/2/8,1000823.868,998905.7267,1918.141526
2017/2/9,1000826.175,997952.1514,2874.023392
2017/2/10,1000823.087,998907.8809,1915.206181
2017/2/13,1000874.496,998933.7505,1940.745273
2017/2/14,1000855.324,999886.8303,968.4935337
2017/2/15,1000845.741,999886.8303,958.911032
2017/2/16,1000880.167,998964.0964,1916.070966
2017/2/17,1000860.11,998958.9682,1901.142322
2017/2/20,1000877.452,998012.9389,2864.51286
2017/2/21,1000860.606,999903.0996,957.5067647
2017/2/22,1000858.355,999900.685,957.6697184
2017/2/23,1000861.701,999904.0166,957.6838985
2017/2/24,1000870.05,999912.3797,957.6707485
2017/2/27,1000864.842,998949.4967,1915.345589
2017/2/28,1000869.018,999911.4367,957.5810238
2017/3/1,1000867.122,997994.0976,2873.024651
2017/3/2,1000831.983,998917.0146,1914.968265
2017/3/3,1000828.118,1000828.118,0
2017/3/6,1000904.035,997073.1136,3830.921027
2017/3/7,1000912.951,1000912.951,0
2017/3/8,1000912.951,1000912.951,0
2017/3/9,1000853.339,997979.9043,2873.434308
2017/3/10,1000909.474,997079.5621,3829.911586
2017/3/13,1000886.872,999929.3608,957.5112513
2017/3/14,1000862.912,999905.2224,957.6899945
2017/3/15,1000859.968,999902.2896,957.6781907
2017/3/16,1000877.758,998004.7306,2873.027518
2017/3/17,1000859.898,998944.9401,1914.958035
2017/3/20,1000928.824,996140.9367,4787.887694
2017/3/21,1000904.976,998990.2427,1914.733617
2017/3/22,1000861.286,997030.8458,3830.439988
2017/3/23,1000845.743,999888.3753,957.3681478
2017/3/24,1000845.16,1000845.16,0
2017/3/27,1000838.738,997965.4988,2873.239695
2017/3/28,1000845.526,1000845.526,0
2017/3/29,1000817.126,999859.3787,957.746915
2017/3/30,1000727.68,994982.2266,5745.453787
2017/3/31,1000706.757,999749.7037,957.0532749
2017/4/5,1000736.833,997864.1919,2872.640685
2017/4/6,1000750.114,998835.4099,1914.704566
2017/4/7,1000743.163,999785.7102,957.4531576
2017/4/10,1000743.163,1000743.163,0
2017/4/11,1000727.819,999770.1697,957.6489602
2017/4/12,1000702.949,999745.416,957.5327236
2017/4/13,1000732.168,999774.6557,957.5119307
2017/4/14,1000686.479,995898.8421,4787.637132
2017/4/17,1000598.415,998684.409,1914.005811
2017/4/18,1000601.284,1000601.284,0
2017/4/19,1000571.236,998656.2099,1915.026382
2017/4/20,1000500.245,995713.7947,4786.450053
2017/4/21,1000505.838,999548.9374,956.9009216
2017/4/24,1000263.886,996434.6761,3829.210024
2017/4/25,1000304.202,997433.8024,2870.399481
2017/4/26,1000329.875,999372.9224,956.9524137
2017/4/27,1000317.547,998403.2386,1914.308333
2017/4/28,1000327.407,999370.329,957.0782056
2017/5/2,1000318.193,994575.2591,5742.934165
2017/5/3,1000345.366,998431.9669,1913.399071
2017/5/4,1000343.284,999386.1946,957.0895257
2017/5/5,1000318.73,998404.4026,1914.326997
2017/5/8,1000140.754,994398.6334,5742.120644
2017/5/9,1000140.752,1000140.752,0
2017/5/10,1000129.664,999172.5912,957.0724901
2017/5/11,1000075.12,995290.3249,4784.794764
2017/5/12,1000088.615,1000088.615,0
2017/5/15,1000077.26,999120.2378,957.022598
2017/5/16,1000120.98,998207.1065,1913.873272
2017/5/17,1000183.996,995399.5425,4784.453306
2017/5/18,1000154.418,999197.7597,956.6586912
2017/5/19,1000168.112,999211.1112,957.0010486
2017/5/22,1000156.517,997285.5254,2870.991168
2017/5/23,1000104.811,999148.0272,956.7836731
2017/5/24,1000100.919,999143.9607,956.9578554
2017/5/25,1000116.16,999159.2376,956.9220119
2017/5/26,1000121.753,998207.8051,1913.948035
2017/5/31,1000162.82,1000162.82,0
2017/6/1,1000177.181,999220.0873,957.093608
2017/6/2,1000220.819,998306.7873,1914.031525
2017/6/5,1000238.134,997367.1718,2870.962022
2017/6/6,1000223.099,998306.0341,1917.064612
2017/6/7,1000225.335,999268.3246,957.0103047
2017/6/8,1000215.804,999258.7397,957.0638495
2017/6/9,1000193.889,999236.8319,957.0566264
2017/6/12,1000172.699,997301.61,2871.089041
2017/6/13,1000171.393,998257.6789,1913.714453
2017/6/14,1000168.489,1000168.489,0
2017/6/15,1000171.553,999214.4543,957.0990325
2017/6/16,1000166.277,997295.2297,2871.046964
2017/6/19,1000156.665,996329.3408,3827.324261
2017/6/20,1000165.584,1000165.584,0
2017/6/21,1000165.584,1000165.584,0
2017/6/22,1000146.864,998232.6712,1914.192506
2017/6/23,1000173.47,995389.1073,4784.362469
2017/6/26,1000209.216,997339.0579,2870.158242
2017/6/27,1000219.254,1000219.254,0
2017/6/28,1000236.511,998322.2159,1914.295224
2017/6/29,1000249.316,996421.364,3827.95239
2017/6/30,1000233.456,999276.636,956.8201595
2017/7/3,1000233.054,999275.9798,957.0744393
2017/7/4,1000245.098,996416.719,3828.379161
2017/7/5,1000223.91,999267.0927,956.8174427
2017/7/6,1000211.591,996383.3621,3828.229131
2017/7/7,1000228.816,999272.036,956.7796221
2017/7/10,1000185.783,995400.6264,4785.156361
2017/7/11,1000181.548,1000181.548,0
2017/7/12,1000132.35,999175.2388,957.1115289
2017/7/13,1000138.6,998224.7548,1913.845572
2017/7/14,1000118.969,999162.0773,956.891721
2017/7/17,999536.7721,990924.8718,8611.900336
2017/7/18,999520.8992,996653.6662,2867.233006
2017/7/19,999578.8839,994797.7162,4781.1677
2017/7/20,999636.4519,994855.9383,4780.513624
2017/7/21,999587.9977,998631.8586,956.1391679
2017/7/24,999659.1368,992007.603,7651.533773
2017/7/25,999672.4805,999672.4805,0
2017/7/26,999658.0579,994874.936,4783.121916
2017/7/27,999681.9164,997769.5356,1912.380828
2017/7/28,999668.4915,997755.6531,1912.83833
2017/7/31,999704.6193,996835.2881,2869.331112
2017/8/1,999711.175,997798.4122,1912.762765
2017/8/2,999711.865,997798.9143,1912.950731
2017/8/3,999732.8186,996863.3091,2869.50944
2017/8/4,999706.7661,996837.6413,2869.124794
2017/8/7,999820.1389,994942.7249,4877.413968
2017/8/8,999867.9434,996999.0115,2868.931912
2017/8/9,999869.2767,997005.2291,2864.047648
2017/8/10,999870.6757,998919.0254,951.6502542
2017/8/11,999814.2,996968.8241,2845.375954
2017/8/14,999843.0741,996032.8608,3810.213354
2017/8/15,999802.0162,997904.2549,1897.761293
2017/8/16,999745.5675,994027.5805,5717.987025
2017/8/17,999806.4561,995992.2901,3814.16601
2017/8/18,999787.0063,996928.9816,2858.024662
2017/8/21,999832.3493,995061.8927,4770.456612
2017/8/22,999812.3873,996000.981,3811.406254
2017/8/23,999798.3447,996946.0315,2852.31325
2017/8/24,999770.0102,994057.2014,5712.808789
2017/8/25,999807.662,995043.1003,4764.561756
2017/8/28,999811.6265,997906.3642,1905.262222
2017/8/29,999783.865,997882.1767,1901.688305
2017/8/30,999816.0734,996955.805,2860.268406
2017/8/31,999818.5177,998862.0184,956.4992821
2017/9/1,999839.5805,998882.8764,956.7041497
2017/9/4,999808.5827,995981.5846,3826.99814
2017/9/5,999804.8388,999804.8388,0
2017/9/6,999820.1495,996949.8964,2870.253126
2017/9/7,999707.6152,994925.2498,4782.365398
2017/9/8,999689.658,996821.0793,2868.578677
2017/9/11,999681.4352,996812.1694,2869.265738
2017/9/12,999688.8511,998732.5063,956.344822
2017/9/13,999704.085,997790.9604,1913.124586
2017/9/14,999660.3421,994878.1022,4782.239941
2017/9/15,999651.4509,998695.3323,956.1186302
2017/9/18,999657.999,998701.528,956.4709839
2017/9/19,999661.2391,999661.2391,0
2017/9/20,999678.1839,998721.5703,956.6136259
2017/9/21,999665.2452,997752.1454,1913.099815
2017/9/22,999669.783,996800.529,2869.254007
2017/9/25,999483.9188,991833.4433,7650.475471
2017/9/26,999460.6691,999460.6691,0
2017/9/27,999515.7767,995690.0899,3825.686772
2017/9/28,999508.2596,995683.5572,3824.702371
2017/9/29,999544.448,995719.8625,3824.58548
2017/10/9,999562.4129,995737.7804,3824.632459
2017/10/10,999567.6614,997655.3523,1912.309097
2017/10/11,999595.7384,998639.4,956.3383861
2017/10/12,999567.5635,996698.1864,2869.377049
2017/10/13,999586.9642,997674.3869,1912.577321
2017/10/16,999491.7816,996622.8083,2868.973351
2017/10/17,999512.2226,996643.635,2868.587566
2017/10/18,999465.9518,997553.6758,1912.275981
2017/10/19,999462.3186,996593.6339,2868.684717
2017/10/20,999458.7215,998502.5474,956.1741815
2017/10/23,999501.4106,996632.4116,2868.998998
2017/10/24,999508.6253,998552.4421,956.1831838
2017/10/25,999514.9002,996645.7675,2869.132688
2017/10/26,999534.6094,996665.9597,2868.649675
2017/10/27,999490.7314,998534.6113,956.1200915
2017/10/30,999454.1498,996585.0784,2869.07139
2017/10/31,999432.8102,996564.2954,2868.514822
2017/11/1,999401.4428,997489.1691,1912.273714
2017/11/2,999266.2603,996397.7807,2868.479611
2017/11/3,999245.0479,996377.319,2867.728895
2017/11/6,999314.6029,995490.689,3823.91396
2017/11/7,999307.739,999307.739,0
2017/11/8,999321.2956,997408.7449,1912.550697
2017/11/9,999338.2383,997426.0448,1912.193506
2017/11/10,999332.3956,995507.9157,3824.4799
2017/11/13,999290.6324,993555.1902,5735.442279
2017/11/14,999248.6432,996381.6873,2866.955815
2017/11/15,999205.6524,996337.7933,2867.859135
2017/11/16,999220.3961,998264.4712,955.9249055
2017/11/17,999129.6894,997217.4899,1912.199487
2017/11/20,999154.7608,996286.6924,2868.068388
2017/11/21,999124.6348,999124.6348,0
2017/11/22,999110.7783,998154.6781,956.100129
2017/11/23,999111.2264,998155.2574,955.9689962
2017/11/24,999090.7479,997178.7637,1911.984144
2017/11/27,999081.1596,998125.3063,955.8532578
2017/11/28,999079.1139,999079.1139,0
2017/11/29,999143.5595,997231.4463,1912.113137
2017/11/30,999041.3841,995217.8161,3823.567993
2017/12/1,999066.4695,996199.4508,2867.018714
2017/12/4,998999.6799,994221.088,4778.591888
2017/12/5,998942.5993,996076.3712,2866.22817
2017/12/6,998945.6199,997034.2919,1911.327964
2017/12/7,998976.6717,997065.1798,1911.491841
2017/12/8,999069.3801,994290.5409,4778.839137
2017/12/11,999143.8907,990542.863,8601.02777
2017/12/12,999142.6627,999142.6627,0
2017/12/13,999146.8427,993410.1385,5736.704284
2017/12/14,999165.5976,993432.2607,5733.336837
2017/12/15,999123.579,994345.5065,4778.072444
2017/12/18,999183.7393,990597.9705,8585.768778
2017/12/19,999183.983,997267.377,1916.605931
2017/12/20,999099.1103,994331.5984,4767.511893
2017/12/21,999139.2666,994377.4086,4761.858041
2017/12/22,999091.9188,994339.6141,4752.304715
2017/12/25,998982.7233,989487.9972,9494.726075
2017/12/26,999005.4597,995174.1846,3831.275167
2017/12/27,999037.8833,994247.5673,4790.315979
2017/12/28,998964.5825,994185.0381,4779.544376
2017/12/29,998994.6711,991352.4582,7642.212898
2018/1/2,999013.196,993277.0775,5736.118525
2018/1/3,999048.8339,996162.2118,2886.62214
2018/1/4,999068.5366,994289.8144,4778.722201
2018/1/5,999053.8681,996187.1906,2866.677497
2018/1/8,999046.962,995223.864,3823.098042
2018/1/9,999042.9395,999042.9395,0
2018/1/10,998999.926,995175.8382,3824.087807
2018/1/11,999060.7587,996193.8074,2866.951306
2018/1/12,999064.2273,998108.4719,955.7554154
2018/1/15,998918.6454,991271.234,7647.411456
2018/1/16,998881.2945,997925.5391,955.7554154
2018/1/17,998964.1208,993229.4864,5734.634454
2018/1/18,998979.6933,995157.7745,3821.918812
2018/1/19,998993.0864,995170.498,3822.58839
2018/1/22,999166.9999,990566.2317,8600.768228
2018/1/23,999133.084,996266.6949,2866.389106
2018/1/24,999202.971,995379.7132,3823.257749
2018/1/25,999203.6427,996336.2359,2867.406741
2018/1/26,999156.0782,995332.6753,3823.402955
2018/1/29,999006.131,990404.459,8601.672041
2018/1/30,998999.4976,997088.571,1910.926628
2018/1/31,998755.2336,993020.5426,5734.690977
2018/2/1,998660.1945,995794.3682,2865.82629
2018/2/2,998649.4117,997693.6563,955.7554154
2018/2/5,998689.8513,994867.4341,3822.417146
2018/2/6,998557.6035,996646.7019,1910.90153
2018/2/7,998511.6379,995645.1309,2866.506974
2018/2/8,998557.3962,994735.9049,3821.491337
2018/2/9,998488.3584,997532.603,955.7554154
2018/2/12,998774.4385,991130.8846,7643.553961
2018/2/13,998804.5611,994028.6866,4775.874427
2018/2/14,998784.1786,994962.4685,3821.710112
2018/2/22,998833.152,995011.0182,3822.133795
2018/2/23,998838.8967,995016.7763,3822.120436
2018/2/26,998848.4209,995981.6765,2866.744372
2018/2/27,998830.2429,996918.946,1911.296913
2018/2/28,998895.1168,995072.4432,3822.673524
2018/3/1,998862.7762,996951.4804,1911.295733
2018/3/2,998877.4789,996966.046,1911.43292
2018/3/5,998890.976,994112.4765,4778.499519
2018/3/6,998892.7478,997936.9924,955.7554154
2018/3/7,998859.1517,995991.8228,2867.328951
2018/3/8,998859.3804,995036.9364,3822.444053
2018/3/9,998866.083,996954.7937,1911.28924
2018/3/12,998861.9767,995994.8568,2867.119956
2018/3/13,998838.8359,995972.006,2866.829941
2018/3/14,998846.3983,996935.1002,1911.298153
2018/3/15,998844.9147,996933.4939,1911.420786
2018/3/16,998842.2564,997886.501,955.7554154
2018/3/19,998854.6852,995031.7144,3822.970767
2018/3/20,998871.932,996960.7066,1911.225428
2018/3/21,998835.8621,995013.1694,3822.692648
2018/3/22,998840.3941,997884.6387,955.7554154
2018/3/23,998687.2033,995819.9745,2867.228752
2018/3/26,998671.1145,995804.463,2866.651474
2018/3/27,998714.1189,996802.9176,1911.201256
2018/3/28,998777.7842,995911.0294,2866.754803
2018/3/29,998787.2084,996875.9576,1911.250793
2018/3/30,998768.7767,994946.2163,3822.560472
2018/4/2,998731.3211,994909.2685,3822.052587
2018/4/3,998703.5626,997747.8072,955.7554154
2018/4/4,998658.0899,996746.7288,1911.361145
2018/4/9,998645.1947,997689.4392,955.7554154
2018/4/10,998637.5311,996726.2258,1911.30529
2018/4/11,998608.6779,995742.036,2866.641942
2018/4/12,998557.31,995690.9054,2866.404572
2018/4/13,998446.6804,994625.7614,3820.918993
2018/4/16,998474.8088,996564.6637,1910.145104
2018/4/17,998457.3515,998457.3515,0
2018/4/18,998457.3515,997501.8899,955.4615804
2018/4/19,998536.5188,995670.4017,2866.117173
2018/4/20,998429.2984,995563.6425,2865.655968
2018/4/23,998458.5561,997503.4322,955.1239695
2018/4/24,998489.8405,997534.4626,955.3779752
2018/4/25,998493.16,996582.3251,1910.834826
2018/4/26,998373.2222,992641.424,5731.798213
2018/4/27,998349.7909,993575.942,4773.848953
2018/5/2,998325.4015,997370.5724,954.8291386
2018/5/3,998321.0236,997365.7694,955.2541285
2018/5/4,998332.6137,992601.2265,5731.387261
2018/5/7,998427.9539,993653.5312,4774.422674
2018/5/8,998407.4214,996497.4572,1909.964215
2018/5/9,998387.7547,996477.2794,1910.475241
2018/5/10,998387.16,997431.9513,955.2087002
2018/5/11,998344.0092,994522.8906,3821.118603
2018/5/14,998273.4458,993498.711,4774.734817
2018/5/15,998256.8019,996347.1338,1909.668045
2018/5/16,998223.5211,995358.2492,2865.271916
2018/5/17,998221.863,997266.9199,954.9431212
2018/5/18,998240.4054,995374.9514,2865.454007
2018/5/21,998275.6626,996365.6347,1910.027947
2018/5/22,998283.8921,998283.8921,0
2018/5/23,998297.53,994476.3477,3821.182362
2018/5/24,998295.8667,996386.0221,1909.844683
2018/5/25,998234.9123,995369.6971,2865.215261
2018/5/28,998197.4222,991512.7542,6684.667989
2018/5/29,998204.8931,995341.3426,2863.550513
2018/5/30,998015.0848,995150.4981,2864.586707
2018/5/31,998066.822,994247.515,3819.30699
2018/6/1,998030.9029,996121.516,1909.386942
2018/6/4,998035.5519,995170.9505,2864.601323
2018/6/5,998057.8111,995193.2287,2864.582329
2018/6/6,998062.7483,998062.7483,0
2018/6/7,998078.7757,996168.6078,1910.167939
2018/6/8,998080.7687,997125.8877,954.8810034
2018/6/11,998074.8664,995209.8138,2865.052643
2018/6/12,998054.0287,995189.449,2864.579612
2018/6/13,997978.6301,995114.2984,2864.331792
2018/6/14,997969.0343,997014.3427,954.6916106
2018/6/15,997947.8836,996038.0797,1909.80395
2018/6/19,997841.8923,995932.5298,1909.362486
2018/6/20,997846.5522,996891.8565,954.6956984
2018/6/21,997764.7139,994900.4494,2864.26453
2018/6/22,997764.0746,996809.5027,954.5719225
2018/6/25,997741.2951,995831.8581,1909.437
2018/6/26,997753.7891,994889.9468,2863.84228
2018/6/27,997735.0995,988190.3074,9544.792102
2018/6/28,997717.0297,993908.8277,3808.201979
2018/6/29,997788.3436,995842.3608,1945.982828
2018/7/2,997729.9056,994850.9513,2878.954313
2018/7/3,997797.0491,995834.0454,1963.003707
2018/7/4,997729.33,991036.634,6692.695981
2018/7/5,997659.5722,993840.1825,3819.389657
2018/7/6,997747.7328,990109.6021,7638.130669
2018/7/9,997862.1175,994969.6391,2892.478325
2018/7/10,997869.8177,995921.0695,1948.748183
2018/7/11,997783.7272,994924.2181,2859.50911
2018/7/12,997940.475,994088.0576,3852.417393
2018/7/13,997953.8747,994099.103,3854.77172
2018/7/16,997941.4563,993128.8822,4812.574044
2018/7/17,997954.3605,995048.2124,2906.14813
2018/7/18,997952.8259,996951.3408,1001.485026
2018/7/19,997938.8687,996000.3376,1938.531126
2018/7/20,997971.5219,996962.2025,1009.319329
2018/7/23,998017.9759,992288.5079,5729.467989
2018/7/24,998050.9593,994232.635,3818.32432
2018/7/25,998108.3373,991425.2724,6683.064856
2018/7/26,998113.9075,988568.2718,9545.635686
2018/7/27,998142.0827,994325.3474,3816.735292
2018/7/30,997988.5192,994169.5373,3818.981868
2018/7/31,997941.6526,993168.2815,4773.371081
2018/8/1,997945.8398,990310.6335,7635.206312
2018/8/2,997932.6637,996978.5101,954.1535805
2018/8/3,997865.8999,995001.2878,2864.61208
2018/8/6,997793.287,993020.1291,4773.157953
2018/8/7,997820.5712,996866.0908,954.4803631
2018/8/8,997783.1177,993963.9131,3819.204586
2018/8/9,997842.5674,993070.0818,4772.48557
2018/8/10,997819.7488,997819.7488,0
2018/8/13,997840.473,995930.7701,1909.702868
2018/8/14,997854.8625,995945.4517,1909.410821
2018/8/15,997830.0906,996875.4182,954.6723877
2018/8/16,997834.1331,993060.2833,4773.849872
2018/8/17,997713.6553,992942.1631,4771.492249
2018/8/20,997760.5177,992989.1299,4771.387781
2018/8/21,997803.8216,994937.9232,2865.89838
2018/8/22,997788.6962,990158.8968,7629.799428
2018/8/23,997776.9118,993967.1652,3809.746644
2018/8/24,997837.0222,986398.2378,11438.78436
2018/8/27,997950.1994,993167.3692,4782.830286
2018/8/28,998006.3018,995138.408,2867.893793
2018/8/29,998003.0716,992281.0088,5722.062788
2018/8/30,997928.2818,992201.8678,5726.413974
2018/8/31,997783.4799,991103.0741,6680.4058
2018/9/3,997764.5766,992039.7553,5724.821372
2018/9/4,997756.4776,996802.1383,954.3392787
2018/9/5,997723.4305,996768.7539,954.6766379
2018/9/6,997758.2226,994894.2408,2863.981812
2018/9/7,997781.6022,995872.5411,1909.061047
2018/9/10,997690.9993,992918.1676,4772.831706
2018/9/11,997698.7312,996744.4025,954.3287559
2018/9/12,997746.6206,992973.4265,4773.194065
2018/9/13,997801.912,994938.6678,2863.24415
2018/9/14,997710.5914,992938.0247,4772.566726
2018/9/17,997651.341,994788.5154,2862.825536
2018/9/18,997651.9312,996697.4859,954.4453356
2018/9/19,997690.7845,993872.3621,3818.422481
2018/9/20,997757.5993,992985.7198,4771.879493
2018/9/21,997850.6735,991169.7068,6680.966661
2018/9/25,997853.5311,994036.7075,3816.823578
2018/9/26,997860.5702,994996.7735,2863.796668
2018/9/27,997819.5733,994001.4155,3818.157772
2018/9/28,997837.798,994974.3779,2863.420105
2018/10/8,997768.4911,996813.9605,954.5305486
2018/10/9,997748.2211,995838.7968,1909.424307
2018/10/10,997742.6926,994878.8801,2863.812431
2018/10/11,997591.7964,994728.7791,2863.017214
2018/10/12,997545.5984,992773.999,4771.599432
2018/10/15,997362.7235,993546.3961,3816.327393
2018/10/16,997344.2856,996390.2588,954.0267473
2018/10/17,997323.8072,996369.4947,954.3125268
2018/10/18,997288.0521,994425.2306,2862.821525
2018/10/19,997421.6739,994559.4118,2862.262093
2018/10/22,997571.6502,993754.4988,3817.15136
2018/10/23,997575.0214,996620.8061,954.2153298
2018/10/24,997553.1258,989916.81,7636.315834
2018/10/25,997386.5387,994525.091,2861.44772
2018/10/26,997454.8001,995546.3793,1908.420867
2018/10/29,997453.653,996499.3442,954.3087509
2018/10/30,997474.2521,995565.4282,1908.823959
2018/10/31,997617.3966,991891.2398,5726.156871
2018/11/1,997606.0802,996652.0071,954.0731337
2018/11/2,997701.8818,991974.4323,5727.449467
2018/11/5,997678.8528,992908.1488,4770.703938
2018/11/6,997724.7655,994861.9048,2862.860741
2018/11/7,997711.5687,992939.2278,4772.340825
2018/11/8,997700.0157,994837.0416,2862.974066
2018/11/9,997688.0206,996733.5595,954.4611086
2018/11/12,997946.5295,988399.9091,9546.620358
2018/11/13,997891.9657,995983.5915,1908.374183
2018/11/14,997863.0507,994998.857,2864.19374
2018/11/15,997867.52,997867.52,0
2018/11/16,997959.9833,995095.2919,2864.691445
2018/11/19,997984.259,995119.6046,2864.654365
2018/11/20,997876.2235,993102.7981,4773.425384
2018/11/21,997917.3089,992190.4771,5726.831789
2018/11/22,997931.108,997931.108,0
2018/11/23,997792.2529,992062.5049,5729.747989
2018/11/26,997836.4829,995927.8448,1908.638096
2018/11/27,997868.7399,994049.9157,3818.824188
2018/11/28,998009.7862,991327.7659,6682.020306
2018/11/29,997922.4866,994105.3932,3817.093348
2018/11/30,997851.8802,994987.6603,2864.219961
2018/12/3,997892.1184,996937.4242,954.6942135
2018/12/4,997917.992,995053.4335,2864.558464
2018/12/5,997883.9146,989292.0318,8591.882877
2018/12/6,997783.5601,993013.4703,4770.089831
2018/12/7,997717.9151,990083.2298,7634.685309
2018/12/10,997652.1572,992882.6114,4769.545845
2018/12/11,997660.9293,997660.9293,0
2018/12/12,997596.0253,993777.2274,3818.797815
2018/12/13,997676.6061,995767.7879,1908.818139
2018/12/14,997576.8785,991849.9082,5726.970256
2018/12/17,997552.98,994690.7288,2862.251208
2018/12/18,997544.0014,994681.0453,2862.956061
2018/12/19,997548.3088,996594.0381,954.2707932
2018/12/20,997638.3013,991911.2254,5727.075914
2018/12/21,997599.1574,993782.8482,3816.309274
2018/12/24,997640.2048,990959.9441,6680.260697
2018/12/25,997561.9385,992792.4519,4769.486532
2018/12/26,997538.4234,991813.3626,5725.060853
2018/12/27,997423.2933,986928.9257,10494.36767
2018/12/28,997409.6951,994549.2148,2860.480324
2019/1/2,997215.9614,980041.2111,17174.75031
2019/1/3,997184.5684,995279.3241,1905.244353
2019/1/4,997280.8665,994418.5937,2862.272774
2019/1/7,997319.4132,994457.0453,2862.367846
2019/1/8,997322.2079,995414.0229,1908.185008
2019/1/9,997336.531,994473.9353,2862.595652
2019/1/10,997292.1866,993475.7639,3816.422693
2019/1/11,997318.2319,991594.2208,5724.011116
2019/1/14,997305.54,996351.731,953.8090371
2019/1/15,997346.6514,994483.8447,2862.806705
2019/1/16,997311.6852,983953.9714,13357.71381
2019/1/17,997283.2311,995377.2002,1906.030862
2019/1/18,997312.9906,996358.821,954.1696272
2019/1/21,997336.7396,991610.9532,5725.786412
2019/1/22,997300.5204,996346.7132,953.8071503
2019/1/23,997305.251,995396.7214,1908.529568
2019/1/24,997312.6768,994450.1691,2862.50766
2019/1/25,997272.0449,992501.5915,4770.453424
2019/1/28,997260.8684,995353.2152,1907.653226
2019/1/29,997171.5147,993355.0592,3816.455544
2019/1/30,997118.1469,992349.1257,4769.021216
2019/1/31,996994.5873,992226.1614,4768.425906
2019/2/1,997209.4466,992440.8617,4768.584966
2019/2/11,997303.0444,994441.0498,2861.994624
2019/2/12,997419.9751,993603.5797,3816.39535
2019/2/13,997409.5999,996455.4696,954.1302341
2019/2/14,997360.082,994496.9838,2863.09816
2019/2/15,997348.4448,996394.297,954.1477601
2019/2/18,997434.5452,994571.4951,2863.050183
2019/2/19,997371.8486,993559.452,3812.396587
2019/2/20,997418.8947,992662.4574,4756.437274
2019/2/21,997405.8927,993615.5701,3790.322617
2019/2/22,997491.5585,993679.3677,3812.190798
2019/2/25,997638.769,995685.9896,1952.779365
2019/2/26,997663.4564,993818.281,3845.175335
2019/2/27,997640.2173,996660.1897,980.0276412
2019/2/28,997686.976,992872.723,4814.25306
2019/3/1,997764.349,993804.3208,3960.028233
2019/3/4,997903.7336,993834.1908,4069.542802
2019/3/5,998079.9959,993888.383,4191.612905
2019/3/6,998310.2406,991124.9565,7185.284083
2019/3/7,998428.6901,996819.5618,1609.128354
2019/3/8,998544.316,993913.0198,4631.296182
2019/3/11,998823.9917,996913.7924,1910.199303
2019/3/12,998817.1406,995950.1952,2866.945406
2019/3/13,998941.0965,994163.5483,4777.548213
2019/3/14,998815.257,997860.0363,955.2207554
2019/3/15,998822.9053,995955.68,2867.225322
2019/3/18,998901.3191,995078.9878,3822.331324
2019/3/19,998977.8672,995155.9274,3821.939774
2019/3/20,998934.0832,997022.821,1911.262219
2019/3/21,999013.5348,995190.5269,3823.007816
2019/3/22,999102.3696,994324.1573,4778.212274
2019/3/25,999051.7268,995229.4401,3822.286713
2019/3/26,999104.5857,995282.351,3822.234743
2019/3/27,999072.5109,993337.4904,5735.020465
2019/3/28,998993.0874,996126.6921,2866.395333
2019/3/29,999007.7759,997096.2926,1911.483334
2019/4/1,999222.4556,994442.8186,4779.637061
2019/4/2,999356.6413,999356.6413,0
2019/4/3,999413.9156,996544.9491,2868.966434
2019/4/4,999396.5754,994615.7101,4780.865276
2019/4/8,999256.916,994477.7548,4779.161133
2019/4/9,999293.8912,995471.0373,3822.853849
2019/4/10,999185.3068,994406.2508,4779.056008
2019/4/11,999130.9197,998175.269,955.6507458
2019/4/12,999126.153,997214.1218,1912.031165
2019/4/15,999124.9916,998169.0945,955.8971152
2019/4/16,999175.4804,997263.4465,1912.03398
2019/4/17,999174.9759,999174.9759,0
2019/4/18,999120.4421,996251.9972,2868.444907
2019/4/19,999140.5769,997228.8223,1911.754617
2019/4/22,999149.0349,998193.1352,955.8996621
2019/4/23,999073.7949,996205.7975,2867.99739
2019/4/24,999134.3005,997222.7046,1911.595851
2019/4/25,999087.0586,998131.2444,955.814276
2019/4/26,999027.7305,993291.9899,5735.740637
2019/4/29,999016.8446,997106.4031,1910.44153
2019/4/30,999043.3073,996175.768,2867.539275
2019/5/6,998530.7499,989930.6789,8600.071061
2019/5/7,998625.6318,994805.9929,3819.638897
2019/5/8,998565.7851,994745.0752,3820.709924
2019/5/9,998473.0845,995607.6226,2865.461901
2019/5/10,998487.6254,997532.3582,955.2672347
2019/5/13,998548.7523,994727.0983,3821.65397
2019/5/14,998492.2378,996582.0461,1910.191768
2019/5/15,998548.8046,995682.7804,2866.024186
2019/5/16,998545.3849,997590.1069,955.2780032
2019/5/17,998465.1783,996554.306,1910.872376
2019/5/20,998430.0679,996519.4839,1910.584013
2019/5/21,998411.4724,996500.8965,1910.575911
2019/5/22,998441.4927,991754.8287,6686.663994
2019/5/23,998297.6191,993524.6099,4773.00916
2019/5/24,998250.9743,993476.7695,4774.204773
2019/5/27,998413.303,991728.945,6684.358047
2019/5/28,998448.2822,995583.7249,2864.557354
2019/5/29,998456.4962,998456.4962,0
2019/5/30,998448.0506,992715.286,5732.764572
2019/5/31,998423.7213,995559.1044,2864.616941
2019/6/3,998357.2018,995491.7984,2865.403427
2019/6/4,998306.4944,996396.3424,1910.15199
2019/6/5,998341.7493,996431.4096,1910.339627
2019/6/6,998284.4549,995419.128,2865.326923
2019/6/10,998291.3781,996381.034,1910.344056
2019/6/11,998306.9564,997351.7836,955.1728264
2019/6/12,998290.621,995424.9349,2865.6861
2019/6/13,998362.1213,989766.7265,8595.394787
2019/6/14,998193.4734,992467.1378,5726.335572
2019/6/17,998146.3755,995282.6244,2863.751084
2019/6/18,998162.6526,995297.7567,2864.895947
2019/6/19,998139.7231,996229.8417,1909.88145
2019/6/20,998163.2484,993388.1372,4775.111234
2019/6/21,998277.9504,995413.5368,2864.413698
2019/6/24,998322.0429,993546.9449,4775.097966
2019/6/25,998260.6733,994441.272,3819.401271
2019/6/26,998162.8276,991478.7165,6684.111049
2019/6/27,998192.8187,994374.6122,3818.206482
2019/6/28,998204.174,995339.8583,2864.315734
